deal,time,time_msc,symbol,position_id,type,entry,reason,volume,price,profit,commission,swap,fee,comment
1,2021.09.05 00:00:00,1630800000000,,0,2,0,0,0.0,0.0,3000.0,0.0,0.0,0.0,
2,2021.09.05 22:05:00,1630879500001,XAUUSD,2,0,0,3,0.01,1828.332,0.0,-0.06,0.0,0.0,CAP|1|0
3,2021.09.07 05:49:21,1630993761493,XAUUSD,3,0,0,3,0.01,1818.298,0.0,-0.06,0.0,0.0,CAP|1|1
4,2021.09.07 14:02:13,1631023333435,XAUUSD,4,0,0,3,0.01,1808.323,0.0,-0.06,0.0,0.0,CAP|1|2
5,2021.09.07 14:15:30,1631024130324,XAUUSD,2,1,1,4,0.01,1798.542,-29.79,0.0,-0.53,0.0,sl 1798.555
6,2021.09.07 14:15:30,1631024130324,XAUUSD,3,1,1,4,0.01,1798.542,-19.76,0.0,0.0,0.0,sl 1798.555
7,2021.09.07 14:15:30,1631024130324,XAUUSD,4,1,1,4,0.01,1798.542,-9.78,0.0,0.0,0.0,sl 1798.555
8,2021.09.07 14:15:30,1631024130542,XAUUSD,8,0,0,3,0.01,1798.679,0.0,-0.06,0.0,0.0,CAP|2|0
9,2021.09.08 13:46:39,1631108799147,XAUUSD,9,0,0,3,0.01,1788.674,0.0,-0.06,0.0,0.0,CAP|2|1
10,2021.09.14 14:45:41,1631630741052,XAUUSD,8,1,1,5,0.01,1807.211,8.53,0.0,-3.7199999999999998,0.0,tp 1807.192
11,2021.09.14 14:45:41,1631630741052,XAUUSD,9,1,1,5,0.01,1807.211,18.54,0.0,-3.19,0.0,tp 1807.192
12,2021.09.14 14:45:41,1631630741579,XAUUSD,12,0,0,3,0.01,1807.443,0.0,-0.06,0.0,0.0,CAP|3|0
13,2021.09.15 12:52:25,1631710345964,XAUUSD,13,0,0,3,0.01,1797.432,0.0,-0.06,0.0,0.0,CAP|3|1
14,2021.09.16 05:45:26,1631771126001,XAUUSD,14,0,0,3,0.01,1787.409,0.0,-0.06,0.0,0.0,CAP|3|2
15,2021.09.16 09:53:28,1631786008131,XAUUSD,12,1,1,4,0.01,1778.718,-28.72,0.0,-2.13,0.0,sl 1778.732
16,2021.09.16 09:53:28,1631786008131,XAUUSD,13,1,1,4,0.01,1778.718,-18.71,0.0,-1.6,0.0,sl 1778.732
17,2021.09.16 09:53:28,1631786008131,XAUUSD,14,1,1,4,0.01,1778.718,-8.69,0.0,0.0,0.0,sl 1778.732
18,2021.09.16 09:53:28,1631786008352,XAUUSD,18,0,0,3,0.01,1778.809,0.0,-0.06,0.0,0.0,CAP|4|0
19,2021.09.16 12:08:40,1631794120653,XAUUSD,19,0,0,3,0.01,1768.786,0.0,-0.06,0.0,0.0,CAP|4|1
20,2021.09.16 13:06:39,1631797599829,XAUUSD,18,1,1,4,0.01,1758.809,-20.0,0.0,0.0,0.0,sl 1758.813
21,2021.09.16 13:06:39,1631797599829,XAUUSD,19,1,1,4,0.01,1758.809,-9.98,0.0,0.0,0.0,sl 1758.813
22,2021.09.17 00:00:00,1631836800001,XAUUSD,22,0,0,3,0.01,1754.014,0.0,-0.06,0.0,0.0,CAP|5|0
23,2021.09.20 02:24:23,1632104663926,XAUUSD,23,0,0,3,0.01,1744.001,0.0,-0.06,0.0,0.0,CAP|5|1
24,2021.09.20 09:46:30,1632131190731,XAUUSD,22,1,1,5,0.01,1759.352,5.34,0.0,-0.53,0.0,tp 1759.333
25,2021.09.20 09:46:30,1632131190731,XAUUSD,23,1,1,5,0.01,1759.352,15.35,0.0,0.0,0.0,tp 1759.333
26,2021.09.20 09:46:31,1632131191464,XAUUSD,26,0,0,3,0.01,1759.476,0.0,-0.06,0.0,0.0,CAP|6|0
27,2021.09.21 15:18:03,1632237483750,XAUUSD,26,1,1,5,0.01,1780.077,20.6,0.0,-0.53,0.0,tp 1780.066
28,2021.09.21 15:18:04,1632237484376,XAUUSD,28,0,0,3,0.01,1780.25,0.0,-0.06,0.0,0.0,CAP|7|0
29,2021.09.22 18:00:04,1632333604195,XAUUSD,29,0,0,3,0.01,1770.246,0.0,-0.06,0.0,0.0,CAP|7|1
30,2021.09.22 18:08:42,1632334122187,XAUUSD,28,1,1,5,0.01,1785.6,5.35,0.0,-0.53,0.0,tp 1785.573
31,2021.09.22 18:08:42,1632334122187,XAUUSD,29,1,1,5,0.01,1785.6,15.35,0.0,0.0,0.0,tp 1785.573
32,2021.09.22 18:08:42,1632334122422,XAUUSD,32,0,0,3,0.01,1785.829,0.0,-0.06,0.0,0.0,CAP|8|0
33,2021.09.22 18:39:38,1632335978758,XAUUSD,33,0,0,3,0.01,1775.822,0.0,-0.06,0.0,0.0,CAP|8|1
34,2021.09.22 19:00:14,1632337214703,XAUUSD,34,0,0,3,0.01,1765.82,0.0,-0.06,0.0,0.0,CAP|8|2
35,2021.09.23 13:06:27,1632402387852,XAUUSD,32,1,1,4,0.01,1757.454,-28.38,0.0,-1.6,0.0,sl 1757.484
36,2021.09.23 13:06:27,1632402387852,XAUUSD,33,1,1,4,0.01,1757.454,-18.37,0.0,-1.6,0.0,sl 1757.484
37,2021.09.23 13:06:27,1632402387852,XAUUSD,34,1,1,4,0.01,1757.454,-8.37,0.0,-1.6,0.0,sl 1757.484
38,2021.09.23 13:06:27,1632402387976,XAUUSD,38,0,0,3,0.01,1757.872,0.0,-0.06,0.0,0.0,CAP|9|0
39,2021.09.23 15:16:39,1632410199025,XAUUSD,39,0,0,3,0.01,1747.863,0.0,-0.06,0.0,0.0,CAP|9|1
40,2021.09.23 20:24:42,1632428682603,XAUUSD,38,1,1,4,0.01,1737.856,-20.01,0.0,0.0,0.0,sl 1737.888
41,2021.09.23 20:24:42,1632428682603,XAUUSD,39,1,1,4,0.01,1737.856,-10.0,0.0,0.0,0.0,sl 1737.888
42,2021.09.24 00:00:00,1632441600001,XAUUSD,42,0,0,3,0.01,1746.409,0.0,-0.06,0.0,0.0,CAP|10|0
43,2021.09.28 07:04:41,1632812681187,XAUUSD,43,0,0,3,0.01,1736.393,0.0,-0.06,0.0,0.0,CAP|10|1
44,2021.09.29 14:20:41,1632925241934,XAUUSD,44,0,0,3,0.01,1726.404,0.0,-0.06,0.0,0.0,CAP|10|2
45,2021.09.30 14:08:05,1633010885727,XAUUSD,42,1,1,5,0.01,1745.457,-0.95,0.0,-3.19,0.0,tp 1745.436
46,2021.09.30 14:08:05,1633010885727,XAUUSD,43,1,1,5,0.01,1745.457,9.07,0.0,-2.13,0.0,tp 1745.436
47,2021.09.30 14:08:05,1633010885727,XAUUSD,44,1,1,5,0.01,1745.457,19.06,0.0,-1.6,0.0,tp 1745.436
48,2021.09.30 14:08:06,1633010886000,XAUUSD,48,0,0,3,0.01,1745.581,0.0,-0.06,0.0,0.0,CAP|11|0
49,2021.10.04 14:39:39,1633358379457,XAUUSD,48,1,1,5,0.01,1766.718,21.14,0.0,-1.06,0.0,tp 1766.701
50,2021.10.04 14:39:39,1633358379583,XAUUSD,50,0,0,3,0.01,1766.87,0.0,-0.06,0.0,0.0,CAP|12|0
51,2021.10.05 05:46:37,1633412797426,XAUUSD,51,0,0,3,0.01,1756.849,0.0,-0.06,0.0,0.0,CAP|12|1
52,2021.10.06 08:01:27,1633507287805,XAUUSD,52,0,0,3,0.01,1746.85,0.0,-0.06,0.0,0.0,CAP|12|2
53,2021.10.06 14:51:05,1633531865173,XAUUSD,50,1,1,3,0.01,1764.112,-2.76,0.0,-1.06,0.0,
54,2021.10.06 14:51:05,1633531865174,XAUUSD,51,1,1,3,0.01,1764.112,7.26,0.0,-0.53,0.0,
55,2021.10.06 14:51:05,1633531865175,XAUUSD,52,1,1,3,0.01,1764.112,17.26,0.0,0.0,0.0,
56,2021.10.06 14:51:05,1633531865518,XAUUSD,56,0,0,3,0.01,1764.262,0.0,-0.06,0.0,0.0,CAP|13|0
57,2021.10.07 12:44:13,1633610653493,XAUUSD,57,0,0,3,0.01,1754.256,0.0,-0.06,0.0,0.0,CAP|13|1
58,2021.10.08 12:30:38,1633696238987,XAUUSD,56,1,1,5,0.01,1770.652,6.39,0.0,-2.13,0.0,tp 1770.649
59,2021.10.08 12:30:38,1633696238987,XAUUSD,57,1,1,5,0.01,1770.652,16.39,0.0,-0.53,0.0,tp 1770.649
60,2021.10.08 12:30:39,1633696239016,XAUUSD,60,0,0,3,0.01,1770.851,0.0,-0.06,0.0,0.0,CAP|14|0
61,2021.10.08 14:34:13,1633703653251,XAUUSD,61,0,0,3,0.01,1760.834,0.0,-0.06,0.0,0.0,CAP|14|1
62,2021.10.11 12:55:44,1633956944737,XAUUSD,62,0,0,3,0.01,1750.83,0.0,-0.06,0.0,0.0,CAP|14|2
63,2021.10.12 13:58:56,1634047136966,XAUUSD,60,1,1,5,0.01,1768.454,-2.4,0.0,-1.06,0.0,tp 1768.449
64,2021.10.12 13:58:56,1634047136966,XAUUSD,61,1,1,5,0.01,1768.454,7.62,0.0,-1.06,0.0,tp 1768.449
65,2021.10.12 13:58:56,1634047136966,XAUUSD,62,1,1,5,0.01,1768.454,17.62,0.0,-0.53,0.0,tp 1768.449
66,2021.10.12 13:58:57,1634047137304,XAUUSD,66,0,0,3,0.01,1768.59,0.0,-0.06,0.0,0.0,CAP|15|0
67,2021.10.12 17:23:36,1634059416339,XAUUSD,67,0,0,3,0.01,1758.553,0.0,-0.06,0.0,0.0,CAP|15|1
68,2021.10.13 11:55:35,1634126135199,XAUUSD,66,1,1,5,0.01,1774.181,5.59,0.0,-0.53,0.0,tp 1774.162
69,2021.10.13 11:55:35,1634126135199,XAUUSD,67,1,1,5,0.01,1774.181,15.63,0.0,-0.53,0.0,tp 1774.162
70,2021.10.13 11:55:36,1634126136000,XAUUSD,70,0,0,3,0.01,1774.344,0.0,-0.06,0.0,0.0,CAP|16|0
71,2021.10.13 12:37:40,1634128660670,XAUUSD,71,0,0,3,0.01,1764.334,0.0,-0.06,0.0,0.0,CAP|16|1
72,2021.10.13 13:39:40,1634132380909,XAUUSD,70,1,1,5,0.01,1779.418,5.08,0.0,0.0,0.0,tp 1779.399
73,2021.10.13 13:39:40,1634132380909,XAUUSD,71,1,1,5,0.01,1779.418,15.09,0.0,0.0,0.0,tp 1779.399
74,2021.10.14 00:00:00,1634169600001,XAUUSD,74,0,0,3,0.01,1791.853,0.0,-0.06,0.0,0.0,CAP|17|0
75,2021.10.15 09:23:37,1634289817895,XAUUSD,75,0,0,3,0.01,1781.837,0.0,-0.06,0.0,0.0,CAP|17|1
76,2021.10.15 12:30:26,1634301026657,XAUUSD,76,0,0,3,0.01,1771.852,0.0,-0.06,0.0,0.0,CAP|17|2
77,2021.10.18 06:09:37,1634537377464,XAUUSD,74,1,1,4,0.01,1762.587,-29.26,0.0,-1.06,0.0,sl 1762.614
78,2021.10.18 06:09:37,1634537377464,XAUUSD,75,1,1,4,0.01,1762.587,-19.25,0.0,-0.53,0.0,sl 1762.614
79,2021.10.18 06:09:37,1634537377464,XAUUSD,76,1,1,4,0.01,1762.587,-9.26,0.0,-0.53,0.0,sl 1762.614
80,2021.10.18 06:09:37,1634537377747,XAUUSD,80,0,0,3,0.01,1762.684,0.0,-0.06,0.0,0.0,CAP|18|0
81,2021.10.19 12:18:18,1634645898000,XAUUSD,80,1,1,5,0.01,1783.299,20.62,0.0,-0.53,0.0,tp 1783.274
82,2021.10.19 12:18:18,1634645898462,XAUUSD,82,0,0,3,0.01,1783.469,0.0,-0.06,0.0,0.0,CAP|19|0
83,2021.10.19 14:18:37,1634653117965,XAUUSD,83,0,0,3,0.01,1773.451,0.0,-0.06,0.0,0.0,CAP|19|1
84,2021.10.22 06:38:23,1634884703720,XAUUSD,82,1,1,5,0.01,1791.193,7.72,0.0,-2.66,0.0,tp 1791.180
85,2021.10.22 06:38:23,1634884703720,XAUUSD,83,1,1,5,0.01,1791.193,17.74,0.0,-2.66,0.0,tp 1791.180
86,2021.10.22 06:38:24,1634884704419,XAUUSD,86,0,0,3,0.01,1791.352,0.0,-0.06,0.0,0.0,CAP|20|0
87,2021.10.22 14:11:30,1634911890281,XAUUSD,86,1,1,3,0.01,1811.411,20.06,0.0,0.0,0.0,
88,2021.10.24 22:05:00,1635113100001,XAUUSD,88,0,0,3,0.01,1793.169,0.0,-0.06,0.0,0.0,CAP|21|0
89,2021.10.26 14:24:40,1635258280415,XAUUSD,89,0,0,3,0.01,1783.156,0.0,-0.06,0.0,0.0,CAP|21|1
90,2021.10.27 18:37:36,1635359856363,XAUUSD,88,1,1,5,0.01,1799.03,5.86,0.0,-1.06,0.0,tp 1799.018
91,2021.10.27 18:37:36,1635359856363,XAUUSD,89,1,1,5,0.01,1799.03,15.87,0.0,-0.53,0.0,tp 1799.018
92,2021.10.27 18:37:37,1635359857273,XAUUSD,92,0,0,3,0.01,1799.172,0.0,-0.06,0.0,0.0,CAP|22|0
93,2021.10.29 12:07:32,1635509252423,XAUUSD,93,0,0,3,0.01,1789.154,0.0,-0.06,0.0,0.0,CAP|22|1
94,2021.10.29 12:50:38,1635511838669,XAUUSD,94,0,0,3,0.01,1779.153,0.0,-0.06,0.0,0.0,CAP|22|2
95,2021.11.03 13:12:37,1635945157021,XAUUSD,92,1,1,4,0.01,1771.51,-27.66,0.0,-3.7199999999999998,0.0,sl 1771.520
96,2021.11.03 13:12:37,1635945157021,XAUUSD,93,1,1,4,0.01,1771.51,-17.64,0.0,-1.5899999999999999,0.0,sl 1771.520
97,2021.11.03 13:12:37,1635945157021,XAUUSD,94,1,1,4,0.01,1771.51,-7.64,0.0,-1.5899999999999999,0.0,sl 1771.520
98,2021.11.03 13:12:37,1635945157204,XAUUSD,98,0,0,3,0.01,1771.747,0.0,-0.06,0.0,0.0,CAP|23|0
99,2021.11.03 14:19:30,1635949170001,XAUUSD,99,0,0,3,0.01,1761.746,0.0,-0.06,0.0,0.0,CAP|23|1
100,2021.11.03 23:50:35,1635983435000,XAUUSD,98,1,1,5,0.01,1776.812,5.06,0.0,0.0,0.0,tp 1776.807
101,2021.11.03 23:50:35,1635983435000,XAUUSD,99,1,1,5,0.01,1776.812,15.06,0.0,0.0,0.0,tp 1776.807
102,2021.11.03 23:50:36,1635983436001,XAUUSD,102,0,0,3,0.01,1776.965,0.0,-0.06,0.0,0.0,CAP|24|0
103,2021.11.04 14:16:14,1636035374619,XAUUSD,102,1,1,5,0.01,1798.639,21.67,0.0,-1.6,0.0,tp 1798.625
104,2021.11.04 14:16:14,1636035374924,XAUUSD,104,0,0,3,0.01,1798.789,0.0,-0.06,0.0,0.0,CAP|25|0
105,2021.11.05 12:30:42,1636115442311,XAUUSD,105,0,0,3,0.01,1788.777,0.0,-0.06,0.0,0.0,CAP|25|1
106,2021.11.05 15:13:36,1636125216258,XAUUSD,104,1,1,5,0.01,1804.11,5.32,0.0,-0.53,0.0,tp 1804.108
107,2021.11.05 15:13:36,1636125216258,XAUUSD,105,1,1,5,0.01,1804.11,15.33,0.0,0.0,0.0,tp 1804.108
108,2021.11.05 15:13:36,1636125216691,XAUUSD,108,0,0,3,0.01,1804.246,0.0,-0.06,0.0,0.0,CAP|26|0
109,2021.11.08 14:14:28,1636380868333,XAUUSD,108,1,1,5,0.01,1824.841,20.59,0.0,-0.53,0.0,tp 1824.836
110,2021.11.08 14:14:28,1636380868667,XAUUSD,110,0,0,3,0.01,1824.965,0.0,-0.06,0.0,0.0,CAP|27|0
111,2021.11.10 13:37:39,1636551459637,XAUUSD,110,1,1,5,0.01,1846.103,21.13,0.0,-1.06,0.0,tp 1846.085
112,2021.11.10 13:37:39,1636551459711,XAUUSD,112,0,0,3,0.01,1846.256,0.0,-0.06,0.0,0.0,CAP|28|0
113,2021.11.10 14:39:38,1636555178746,XAUUSD,112,1,1,5,0.01,1866.329,20.07,0.0,0.0,0.0,tp 1866.316
114,2021.11.11 00:00:00,1636588800001,XAUUSD,114,0,0,3,0.01,1848.656,0.0,-0.06,0.0,0.0,CAP|29|0
115,2021.11.15 13:17:24,1636982244244,XAUUSD,114,1,1,5,0.01,1869.784,21.12,0.0,-1.06,0.0,tp 1869.776
116,2021.11.15 13:17:24,1636982244490,XAUUSD,116,0,0,3,0.01,1869.923,0.0,-0.06,0.0,0.0,CAP|30|0
117,2021.11.15 14:59:13,1636988353393,XAUUSD,117,0,0,3,0.01,1859.901,0.0,-0.06,0.0,0.0,CAP|30|1
118,2021.11.16 13:12:29,1637068349357,XAUUSD,116,1,1,5,0.01,1875.506,5.59,0.0,-0.53,0.0,tp 1875.502
119,2021.11.16 13:12:29,1637068349357,XAUUSD,117,1,1,5,0.01,1875.506,15.61,0.0,-0.53,0.0,tp 1875.502
120,2021.11.16 13:12:29,1637068349572,XAUUSD,120,0,0,3,0.01,1875.659,0.0,-0.06,0.0,0.0,CAP|31|0
121,2021.11.16 13:59:42,1637071182154,XAUUSD,121,0,0,3,0.01,1865.639,0.0,-0.06,0.0,0.0,CAP|31|1
122,2021.11.16 16:26:29,1637079989840,XAUUSD,122,0,0,3,0.01,1855.656,0.0,-0.06,0.0,0.0,CAP|31|2
123,2021.11.19 17:40:41,1637343641851,XAUUSD,120,1,1,4,0.01,1848.349,-27.31,0.0,-2.66,0.0,sl 1848.372
124,2021.11.19 17:40:41,1637343641851,XAUUSD,121,1,1,4,0.01,1848.349,-17.29,0.0,-2.66,0.0,sl 1848.372
125,2021.11.19 17:40:41,1637343641851,XAUUSD,122,1,1,4,0.01,1848.349,-7.31,0.0,-2.66,0.0,sl 1848.372
126,2021.11.19 17:40:41,1637343641919,XAUUSD,126,0,0,3,0.01,1848.446,0.0,-0.06,0.0,0.0,CAP|32|0
127,2021.11.22 10:44:16,1637577856425,XAUUSD,127,0,0,3,0.01,1838.426,0.0,-0.06,0.0,0.0,CAP|32|1
128,2021.11.22 14:01:43,1637589703006,XAUUSD,128,0,0,3,0.01,1828.439,0.0,-0.06,0.0,0.0,CAP|32|2
129,2021.11.22 14:17:38,1637590658106,XAUUSD,126,1,1,4,0.01,1818.654,-29.8,0.0,-0.53,0.0,sl 1818.674
130,2021.11.22 14:17:38,1637590658106,XAUUSD,127,1,1,4,0.01,1818.654,-19.78,0.0,0.0,0.0,sl 1818.674
131,2021.11.22 14:17:38,1637590658106,XAUUSD,128,1,1,4,0.01,1818.654,-9.79,0.0,0.0,0.0,sl 1818.674
132,2021.11.22 14:17:38,1637590658148,XAUUSD,132,0,0,3,0.01,1819.081,0.0,-0.06,0.0,0.0,CAP|33|0
133,2021.11.22 17:28:27,1637602107469,XAUUSD,133,0,0,3,0.01,1809.074,0.0,-0.06,0.0,0.0,CAP|33|1
134,2021.11.23 08:55:39,1637657739734,XAUUSD,132,1,1,4,0.01,1799.124,-19.96,0.0,-0.53,0.0,sl 1799.148
135,2021.11.23 08:55:39,1637657739734,XAUUSD,133,1,1,4,0.01,1799.124,-9.95,0.0,-0.53,0.0,sl 1799.148
136,2021.11.23 08:55:39,1637657739894,XAUUSD,136,0,0,3,0.01,1799.221,0.0,-0.06,0.0,0.0,CAP|34|0
137,2021.11.23 13:09:30,1637672970558,XAUUSD,137,0,0,3,0.01,1789.2,0.0,-0.06,0.0,0.0,CAP|34|1
138,2021.11.24 14:10:37,1637763037525,XAUUSD,138,0,0,3,0.01,1779.209,0.0,-0.06,0.0,0.0,CAP|34|2
139,2021.11.26 03:05:37,1637895937714,XAUUSD,136,1,1,5,0.01,1798.432,-0.79,0.0,-2.66,0.0,tp 1798.420
140,2021.11.26 03:05:37,1637895937714,XAUUSD,137,1,1,5,0.01,1798.432,9.23,0.0,-2.66,0.0,tp 1798.420
141,2021.11.26 03:05:37,1637895937714,XAUUSD,138,1,1,5,0.01,1798.432,19.22,0.0,-2.13,0.0,tp 1798.420
142,2021.11.26 03:05:37,1637895937886,XAUUSD,142,0,0,3,0.01,1798.705,0.0,-0.06,0.0,0.0,CAP|35|0
143,2021.11.26 16:42:27,1637944947071,XAUUSD,143,0,0,3,0.01,1788.704,0.0,-0.06,0.0,0.0,CAP|35|1
144,2021.11.30 15:02:53,1638284573038,XAUUSD,142,1,1,5,0.01,1804.835,6.13,0.0,-1.06,0.0,tp 1804.825
145,2021.11.30 15:02:53,1638284573038,XAUUSD,143,1,1,5,0.01,1804.835,16.14,0.0,-1.06,0.0,tp 1804.825
146,2021.11.30 15:02:53,1638284573371,XAUUSD,146,0,0,3,0.01,1804.98,0.0,-0.06,0.0,0.0,CAP|36|0
147,2021.11.30 15:37:27,1638286647097,XAUUSD,147,0,0,3,0.01,1794.976,0.0,-0.06,0.0,0.0,CAP|36|1
148,2021.11.30 15:58:41,1638287921406,XAUUSD,148,0,0,3,0.01,1784.977,0.0,-0.06,0.0,0.0,CAP|36|2
149,2021.11.30 16:01:28,1638288088668,XAUUSD,146,1,1,4,0.01,1775.033,-29.95,0.0,0.0,0.0,sl 1775.038
150,2021.11.30 16:01:28,1638288088668,XAUUSD,147,1,1,4,0.01,1775.033,-19.95,0.0,0.0,0.0,sl 1775.038
151,2021.11.30 16:01:28,1638288088668,XAUUSD,148,1,1,4,0.01,1775.033,-9.95,0.0,0.0,0.0,sl 1775.038
152,2021.11.30 16:01:28,1638288088711,XAUUSD,152,0,0,3,0.01,1775.468,0.0,-0.06,0.0,0.0,CAP|37|0
153,2021.12.02 14:54:38,1638456878236,XAUUSD,153,0,0,3,0.01,1765.455,0.0,-0.06,0.0,0.0,CAP|37|1
154,2021.12.03 17:34:37,1638552877000,XAUUSD,152,1,1,5,0.01,1782.136,6.67,0.0,-2.66,0.0,tp 1782.117
155,2021.12.03 17:34:37,1638552877000,XAUUSD,153,1,1,5,0.01,1782.136,16.68,0.0,-0.53,0.0,tp 1782.117
156,2021.12.03 17:34:37,1638552877501,XAUUSD,156,0,0,3,0.01,1782.295,0.0,-0.06,0.0,0.0,CAP|38|0
157,2021.12.10 06:21:41,1639117301575,XAUUSD,157,0,0,3,0.01,1772.268,0.0,-0.06,0.0,0.0,CAP|38|1
158,2021.12.10 14:02:14,1639144934810,XAUUSD,156,1,1,5,0.01,1789.203,6.9,0.0,-3.7199999999999998,0.0,tp 1789.202
159,2021.12.10 14:02:14,1639144934810,XAUUSD,157,1,1,5,0.01,1789.203,16.93,0.0,0.0,0.0,tp 1789.202
160,2021.12.10 14:02:14,1639144934937,XAUUSD,160,0,0,3,0.01,1789.599,0.0,-0.06,0.0,0.0,CAP|39|0
161,2021.12.10 14:35:41,1639146941527,XAUUSD,161,0,0,3,0.01,1779.593,0.0,-0.06,0.0,0.0,CAP|39|1
162,2021.12.14 14:00:39,1639490439698,XAUUSD,162,0,0,3,0.01,1769.597,0.0,-0.06,0.0,0.0,CAP|39|2
163,2021.12.15 18:45:26,1639593926666,XAUUSD,160,1,1,4,0.01,1760.88,-28.72,0.0,-1.5899999999999999,0.0,sl 1760.893
164,2021.12.15 18:45:26,1639593926666,XAUUSD,161,1,1,4,0.01,1760.88,-18.71,0.0,-1.5899999999999999,0.0,sl 1760.893
165,2021.12.15 18:45:26,1639593926666,XAUUSD,162,1,1,4,0.01,1760.88,-8.72,0.0,-0.53,0.0,sl 1760.893
166,2021.12.15 18:45:26,1639593926847,XAUUSD,166,0,0,3,0.01,1760.989,0.0,-0.06,0.0,0.0,CAP|40|0
167,2021.12.15 23:41:37,1639611697142,XAUUSD,166,1,1,5,0.01,1781.056,20.07,0.0,0.0,0.0,tp 1781.049
168,2021.12.15 23:41:38,1639611698096,XAUUSD,168,0,0,3,0.01,1781.211,0.0,-0.06,0.0,0.0,CAP|41|0
169,2021.12.17 02:33:02,1639708382000,XAUUSD,168,1,1,5,0.01,1803.427,22.22,0.0,-2.13,0.0,tp 1803.401
170,2021.12.17 02:33:03,1639708383001,XAUUSD,170,0,0,3,0.01,1803.625,0.0,-0.06,0.0,0.0,CAP|42|0
171,2021.12.20 14:56:39,1640012199686,XAUUSD,171,0,0,3,0.01,1793.597,0.0,-0.06,0.0,0.0,CAP|42|1
172,2021.12.27 15:21:40,1640618500157,XAUUSD,170,1,1,5,0.01,1812.656,9.03,0.0,-4.25,0.0,tp 1812.656
173,2021.12.27 15:21:40,1640618500157,XAUUSD,171,1,1,5,0.01,1812.656,19.06,0.0,-3.7199999999999998,0.0,tp 1812.656
174,2021.12.27 15:21:40,1640618500630,XAUUSD,174,0,0,3,0.01,1812.808,0.0,-0.06,0.0,0.0,CAP|43|0
175,2021.12.29 08:00:41,1640764841653,XAUUSD,175,0,0,3,0.01,1802.808,0.0,-0.06,0.0,0.0,CAP|43|1
176,2021.12.29 13:02:14,1640782934072,XAUUSD,176,0,0,3,0.01,1792.802,0.0,-0.06,0.0,0.0,CAP|43|2
177,2021.12.30 16:16:13,1640880973799,XAUUSD,174,1,1,5,0.01,1811.489,-1.32,0.0,-2.66,0.0,tp 1811.486
178,2021.12.30 16:16:13,1640880973799,XAUUSD,175,1,1,5,0.01,1811.489,8.68,0.0,-1.6,0.0,tp 1811.486
179,2021.12.30 16:16:13,1640880973799,XAUUSD,176,1,1,5,0.01,1811.489,18.69,0.0,-1.6,0.0,tp 1811.486
180,2021.12.30 16:16:14,1640880974400,XAUUSD,180,0,0,3,0.01,1811.629,0.0,-0.06,0.0,0.0,CAP|44|0
181,2022.01.03 15:06:04,1641222364042,XAUUSD,181,0,0,3,0.01,1801.62,0.0,-0.06,0.0,0.0,CAP|44|1
182,2022.01.05 09:24:55,1641374695081,XAUUSD,180,1,1,5,0.01,1818.281,6.65,0.0,-2.12,0.0,tp 1818.275
183,2022.01.05 09:24:55,1641374695081,XAUUSD,181,1,1,5,0.01,1818.281,16.66,0.0,-1.06,0.0,tp 1818.275
184,2022.01.05 09:24:56,1641374696066,XAUUSD,184,0,0,3,0.01,1818.414,0.0,-0.06,0.0,0.0,CAP|45|0
185,2022.01.06 00:22:01,1641428521001,XAUUSD,185,0,0,3,0.01,1808.412,0.0,-0.06,0.0,0.0,CAP|45|1
186,2022.01.06 08:27:29,1641457649157,XAUUSD,186,0,0,3,0.01,1798.381,0.0,-0.06,0.0,0.0,CAP|45|2
187,2022.01.06 13:05:29,1641474329591,XAUUSD,184,1,1,4,0.01,1788.987,-29.42,0.0,-1.6,0.0,sl 1788.996
188,2022.01.06 13:05:29,1641474329591,XAUUSD,185,1,1,4,0.01,1788.987,-19.42,0.0,0.0,0.0,sl 1788.996
189,2022.01.06 13:05:29,1641474329591,XAUUSD,186,1,1,4,0.01,1788.987,-9.39,0.0,0.0,0.0,sl 1788.996
190,2022.01.06 13:05:29,1641474329755,XAUUSD,190,0,0,3,0.01,1789.079,0.0,-0.06,0.0,0.0,CAP|46|0
191,2022.01.11 15:58:31,1641916711346,XAUUSD,190,1,1,5,0.01,1810.757,21.68,0.0,-1.5899999999999999,0.0,tp 1810.729
192,2022.01.11 15:58:31,1641916711539,XAUUSD,192,0,0,3,0.01,1810.915,0.0,-0.06,0.0,0.0,CAP|47|0
193,2022.01.19 15:06:28,1642604788489,XAUUSD,192,1,1,5,0.01,1835.242,24.32,0.0,-4.25,0.0,tp 1835.225
194,2022.01.19 15:06:28,1642604788634,XAUUSD,194,0,0,3,0.01,1835.769,0.0,-0.06,0.0,0.0,CAP|48|0
195,2022.01.26 19:03:41,1643223821153,XAUUSD,195,0,0,3,0.01,1825.765,0.0,-0.06,0.0,0.0,CAP|48|1
196,2022.01.26 19:58:00,1643227080001,XAUUSD,196,0,0,3,0.01,1815.769,0.0,-0.06,0.0,0.0,CAP|48|2
197,2022.01.27 11:41:04,1643283664615,XAUUSD,194,1,1,4,0.01,1808.66,-27.11,0.0,-5.32,0.0,sl 1808.668
198,2022.01.27 11:41:04,1643283664615,XAUUSD,195,1,1,4,0.01,1808.66,-17.11,0.0,-1.6,0.0,sl 1808.668
199,2022.01.27 11:41:04,1643283664615,XAUUSD,196,1,1,4,0.01,1808.66,-7.11,0.0,-1.6,0.0,sl 1808.668
200,2022.01.27 11:41:05,1643283665035,XAUUSD,200,0,0,3,0.01,1808.757,0.0,-0.06,0.0,0.0,CAP|49|0
201,2022.01.27 13:55:38,1643291738257,XAUUSD,201,0,0,3,0.01,1798.732,0.0,-0.06,0.0,0.0,CAP|49|1
202,2022.01.28 10:38:42,1643366322197,XAUUSD,200,1,1,4,0.01,1788.7,-20.06,0.0,-0.53,0.0,sl 1788.730
203,2022.01.28 10:38:42,1643366322197,XAUUSD,201,1,1,4,0.01,1788.7,-10.03,0.0,-0.53,0.0,sl 1788.730
204,2022.01.28 10:38:42,1643366322858,XAUUSD,204,0,0,3,0.01,1788.824,0.0,-0.06,0.0,0.0,CAP|50|0
205,2022.02.02 15:26:42,1643815602181,XAUUSD,204,1,1,5,0.01,1810.475,21.66,0.0,-1.5899999999999999,0.0,tp 1810.474
206,2022.02.02 15:26:42,1643815602303,XAUUSD,206,0,0,3,0.01,1810.745,0.0,-0.06,0.0,0.0,CAP|51|0
207,2022.02.03 12:36:00,1643891760001,XAUUSD,207,0,0,3,0.01,1800.742,0.0,-0.06,0.0,0.0,CAP|51|1
208,2022.02.03 14:46:38,1643899598695,XAUUSD,208,0,0,3,0.01,1790.74,0.0,-0.06,0.0,0.0,CAP|51|2
209,2022.02.04 07:06:24,1643958384960,XAUUSD,206,1,1,5,0.01,1808.541,-2.21,0.0,-2.13,0.0,tp 1808.533
210,2022.02.04 07:06:24,1643958384960,XAUUSD,207,1,1,5,0.01,1808.541,7.8,0.0,-0.53,0.0,tp 1808.533
211,2022.02.04 07:06:24,1643958384960,XAUUSD,208,1,1,5,0.01,1808.541,17.8,0.0,-0.53,0.0,tp 1808.533
212,2022.02.04 07:06:25,1643958385441,XAUUSD,212,0,0,3,0.01,1808.693,0.0,-0.06,0.0,0.0,CAP|52|0
213,2022.02.04 13:39:31,1643981971287,XAUUSD,213,0,0,3,0.01,1798.676,0.0,-0.06,0.0,0.0,CAP|52|1
214,2022.02.07 01:00:04,1644195604137,XAUUSD,212,1,1,5,0.01,1814.294,5.6,0.0,-0.53,0.0,tp 1814.275
215,2022.02.07 01:00:04,1644195604137,XAUUSD,213,1,1,5,0.01,1814.294,15.61,0.0,-0.53,0.0,tp 1814.275
216,2022.02.07 01:00:04,1644195604298,XAUUSD,216,0,0,3,0.01,1814.461,0.0,-0.06,0.0,0.0,CAP|53|0
217,2022.02.09 17:28:39,1644427719807,XAUUSD,216,1,1,5,0.01,1835.603,21.14,0.0,-1.06,0.0,tp 1835.581
218,2022.02.09 17:28:40,1644427720385,XAUUSD,218,0,0,3,0.01,1835.754,0.0,-0.06,0.0,0.0,CAP|54|0
219,2022.02.10 13:30:30,1644499830789,XAUUSD,219,0,0,3,0.01,1825.754,0.0,-0.06,0.0,0.0,CAP|54|1
220,2022.02.10 16:57:26,1644512246052,XAUUSD,218,1,1,5,0.01,1841.627,5.88,0.0,-1.6,0.0,tp 1841.614
221,2022.02.10 16:57:26,1644512246052,XAUUSD,219,1,1,5,0.01,1841.627,15.88,0.0,0.0,0.0,tp 1841.614
222,2022.02.10 16:57:26,1644512246843,XAUUSD,222,0,0,3,0.01,1841.778,0.0,-0.06,0.0,0.0,CAP|55|0
223,2022.02.10 19:35:37,1644521737242,XAUUSD,223,0,0,3,0.01,1831.751,0.0,-0.06,0.0,0.0,CAP|55|1
224,2022.02.11 07:21:20,1644564080000,XAUUSD,224,0,0,3,0.01,1821.761,0.0,-0.06,0.0,0.0,CAP|55|2
225,2022.02.11 17:09:28,1644599368235,XAUUSD,222,1,1,5,0.01,1838.859,-2.92,0.0,-0.53,0.0,tp 1838.844
226,2022.02.11 17:09:28,1644599368235,XAUUSD,223,1,1,5,0.01,1838.859,7.11,0.0,-0.53,0.0,tp 1838.844
227,2022.02.11 17:09:28,1644599368235,XAUUSD,224,1,1,5,0.01,1838.859,17.1,0.0,0.0,0.0,tp 1838.844
228,2022.02.11 17:09:28,1644599368628,XAUUSD,228,0,0,3,0.01,1839.009,0.0,-0.06,0.0,0.0,CAP|56|0
229,2022.02.11 18:46:42,1644605202709,XAUUSD,228,1,1,5,0.01,1859.104,20.09,0.0,0.0,0.0,tp 1859.069
230,2022.02.13 23:05:00,1644793500001,XAUUSD,230,0,0,3,0.01,1855.801,0.0,-0.06,0.0,0.0,CAP|57|0
231,2022.02.15 02:39:39,1644892779678,XAUUSD,230,1,1,3,0.01,1876.39,20.59,0.0,-0.53,0.0,
232,2022.02.15 02:39:40,1644892780162,XAUUSD,232,0,0,3,0.01,1876.781,0.0,-0.06,0.0,0.0,CAP|58|0
233,2022.02.15 08:42:12,1644914532787,XAUUSD,233,0,0,3,0.01,1866.772,0.0,-0.06,0.0,0.0,CAP|58|1
234,2022.02.15 09:14:40,1644916480633,XAUUSD,234,0,0,3,0.01,1856.77,0.0,-0.06,0.0,0.0,CAP|58|2
235,2022.02.15 12:22:38,1644927758037,XAUUSD,232,1,1,4,0.01,1846.824,-29.96,0.0,0.0,0.0,sl 1846.835
236,2022.02.15 12:22:38,1644927758037,XAUUSD,233,1,1,4,0.01,1846.824,-19.95,0.0,0.0,0.0,sl 1846.835
237,2022.02.15 12:22:38,1644927758037,XAUUSD,234,1,1,4,0.01,1846.824,-9.95,0.0,0.0,0.0,sl 1846.835
238,2022.02.15 12:22:38,1644927758197,XAUUSD,238,0,0,3,0.01,1846.904,0.0,-0.06,0.0,0.0,CAP|59|0
239,2022.02.16 17:17:41,1645031861739,XAUUSD,238,1,1,5,0.01,1867.495,20.6,0.0,-0.53,0.0,tp 1867.494
240,2022.02.16 17:17:42,1645031862609,XAUUSD,240,0,0,3,0.01,1867.618,0.0,-0.06,0.0,0.0,CAP|60|0
241,2022.02.17 08:28:28,1645086508165,XAUUSD,240,1,1,3,0.01,1889.277,21.66,0.0,-1.6,0.0,
242,2022.02.17 08:28:28,1645086508240,XAUUSD,242,0,0,3,0.01,1889.742,0.0,-0.06,0.0,0.0,CAP|61|0
243,2022.02.21 23:01:38,1645484498855,XAUUSD,242,1,1,5,0.01,1910.864,21.12,0.0,-1.06,0.0,tp 1910.862
244,2022.02.21 23:01:38,1645484498902,XAUUSD,244,0,0,3,0.01,1911.13,0.0,-0.06,0.0,0.0,CAP|62|0
245,2022.02.22 08:55:34,1645520134839,XAUUSD,245,0,0,3,0.01,1901.114,0.0,-0.06,0.0,0.0,CAP|62|1
246,2022.02.23 09:30:38,1645608638040,XAUUSD,246,0,0,3,0.01,1891.099,0.0,-0.06,0.0,0.0,CAP|62|2
247,2022.02.23 15:54:37,1645631677752,XAUUSD,244,1,1,5,0.01,1908.38,-2.75,0.0,-1.06,0.0,tp 1908.371
248,2022.02.23 15:54:37,1645631677752,XAUUSD,245,1,1,5,0.01,1908.38,7.27,0.0,-0.53,0.0,tp 1908.371
249,2022.02.23 15:54:37,1645631677752,XAUUSD,246,1,1,5,0.01,1908.38,17.28,0.0,0.0,0.0,tp 1908.371
250,2022.02.23 15:54:38,1645631678427,XAUUSD,250,0,0,3,0.01,1908.471,0.0,-0.06,0.0,0.0,CAP|63|0
251,2022.02.24 03:21:39,1645672899624,XAUUSD,250,1,1,5,0.01,1930.141,21.67,0.0,-1.6,0.0,tp 1930.131
252,2022.02.24 03:21:39,1645672899738,XAUUSD,252,0,0,3,0.01,1930.615,0.0,-0.06,0.0,0.0,CAP|64|0
253,2022.02.24 09:56:31,1645696591088,XAUUSD,252,1,1,5,0.01,1950.676,20.06,0.0,0.0,0.0,tp 1950.675
254,2022.02.25 00:00:00,1645747200001,XAUUSD,254,0,0,3,0.01,1906.694,0.0,-0.06,0.0,0.0,CAP|65|0
255,2022.02.25 11:41:38,1645789298095,XAUUSD,255,0,0,3,0.01,1896.691,0.0,-0.06,0.0,0.0,CAP|65|1
256,2022.02.25 13:53:36,1645797216056,XAUUSD,256,0,0,3,0.01,1886.673,0.0,-0.06,0.0,0.0,CAP|65|2
257,2022.02.27 23:05:00,1646003100000,XAUUSD,254,1,1,5,0.01,1920.987,14.3,0.0,-0.53,0.0,tp 1903.413
258,2022.02.27 23:05:00,1646003100000,XAUUSD,255,1,1,5,0.01,1920.987,24.3,0.0,-0.53,0.0,tp 1903.413
259,2022.02.27 23:05:00,1646003100000,XAUUSD,256,1,1,5,0.01,1920.987,34.32,0.0,-0.53,0.0,tp 1903.413
260,2022.02.27 23:05:00,1646003100106,XAUUSD,260,0,0,3,0.01,1921.123,0.0,-0.06,0.0,0.0,CAP|66|0
261,2022.02.27 23:14:36,1646003676231,XAUUSD,261,0,0,3,0.01,1911.12,0.0,-0.06,0.0,0.0,CAP|66|1
262,2022.02.28 07:25:39,1646033139643,XAUUSD,262,0,0,3,0.01,1901.089,0.0,-0.06,0.0,0.0,CAP|66|2
263,2022.02.28 13:57:29,1646056649634,XAUUSD,260,1,1,5,0.01,1917.84,-3.2800000000000002,0.0,0.0,0.0,tp 1917.838
264,2022.02.28 13:57:29,1646056649634,XAUUSD,261,1,1,5,0.01,1917.84,6.72,0.0,0.0,0.0,tp 1917.838
265,2022.02.28 13:57:29,1646056649634,XAUUSD,262,1,1,5,0.01,1917.84,16.75,0.0,0.0,0.0,tp 1917.838
266,2022.02.28 13:57:30,1646056650000,XAUUSD,266,0,0,3,0.01,1917.991,0.0,-0.06,0.0,0.0,CAP|67|0
267,2022.02.28 15:00:40,1646060440642,XAUUSD,267,0,0,3,0.01,1907.984,0.0,-0.06,0.0,0.0,CAP|67|1
268,2022.02.28 16:41:13,1646066473821,XAUUSD,268,0,0,3,0.01,1897.965,0.0,-0.06,0.0,0.0,CAP|67|2
269,2022.03.01 09:10:35,1646125835730,XAUUSD,266,1,1,5,0.01,1915.256,-2.73,0.0,-0.53,0.0,tp 1915.237
270,2022.03.01 09:10:35,1646125835730,XAUUSD,267,1,1,5,0.01,1915.256,7.28,0.0,-0.53,0.0,tp 1915.237
271,2022.03.01 09:10:35,1646125835730,XAUUSD,268,1,1,5,0.01,1915.256,17.29,0.0,-0.53,0.0,tp 1915.237
272,2022.03.01 09:10:36,1646125836405,XAUUSD,272,0,0,3,0.01,1915.426,0.0,-0.06,0.0,0.0,CAP|68|0
273,2022.03.01 18:01:40,1646157700116,XAUUSD,272,1,1,5,0.01,1935.489,20.06,0.0,0.0,0.0,tp 1935.486
274,2022.03.02 00:00:00,1646179200001,XAUUSD,274,0,0,3,0.01,1942.427,0.0,-0.06,0.0,0.0,CAP|69|0
275,2022.03.02 01:07:30,1646183250868,XAUUSD,275,0,0,3,0.01,1932.416,0.0,-0.06,0.0,0.0,CAP|69|1
276,2022.03.02 07:51:40,1646207500560,XAUUSD,274,1,1,5,0.01,1947.504,5.07,0.0,0.0,0.0,tp 1947.482
277,2022.03.02 07:51:40,1646207500560,XAUUSD,275,1,1,5,0.01,1947.504,15.08,0.0,0.0,0.0,tp 1947.482
278,2022.03.02 07:51:40,1646207500801,XAUUSD,278,0,0,3,0.01,1947.785,0.0,-0.06,0.0,0.0,CAP|70|0
279,2022.03.02 08:23:34,1646209414616,XAUUSD,279,0,0,3,0.01,1937.774,0.0,-0.06,0.0,0.0,CAP|70|1
280,2022.03.02 10:26:19,1646216779904,XAUUSD,280,0,0,3,0.01,1927.769,0.0,-0.06,0.0,0.0,CAP|70|2
281,2022.03.02 10:26:39,1646216799742,XAUUSD,278,1,1,4,0.01,1917.809,-29.98,0.0,0.0,0.0,sl 1917.836
282,2022.03.02 10:26:39,1646216799742,XAUUSD,279,1,1,4,0.01,1917.809,-19.96,0.0,0.0,0.0,sl 1917.836
283,2022.03.02 10:26:39,1646216799742,XAUUSD,280,1,1,4,0.01,1917.809,-9.96,0.0,0.0,0.0,sl 1917.836
284,2022.03.02 10:26:39,1646216799775,XAUUSD,284,0,0,3,0.01,1917.898,0.0,-0.06,0.0,0.0,CAP|71|0
285,2022.03.03 20:18:29,1646338709670,XAUUSD,284,1,1,5,0.01,1939.57,21.67,0.0,-1.6,0.0,tp 1939.558
286,2022.03.03 20:18:30,1646338710001,XAUUSD,286,0,0,3,0.01,1939.746,0.0,-0.06,0.0,0.0,CAP|72|0
287,2022.03.04 16:08:34,1646410114064,XAUUSD,286,1,1,5,0.01,1960.341,20.59,0.0,-0.53,0.0,tp 1960.336
288,2022.03.04 16:08:34,1646410114452,XAUUSD,288,0,0,3,0.01,1960.478,0.0,-0.06,0.0,0.0,CAP|73|0
289,2022.03.06 23:05:00,1646607900000,XAUUSD,288,1,1,5,0.01,1981.454,20.97,0.0,-0.53,0.0,tp 1980.538
290,2022.03.06 23:05:00,1646607900155,XAUUSD,290,0,0,3,0.01,1981.578,0.0,-0.06,0.0,0.0,CAP|74|0
291,2022.03.07 10:39:25,1646649565714,XAUUSD,290,1,1,5,0.01,2001.641,20.06,0.0,0.0,0.0,tp 2001.638
292,2022.03.07 10:39:26,1646649566494,XAUUSD,292,0,0,3,0.01,2001.796,0.0,-0.06,0.0,0.0,CAP|75|0
293,2022.03.07 11:31:38,1646652698716,XAUUSD,293,0,0,3,0.01,1991.786,0.0,-0.06,0.0,0.0,CAP|75|1
294,2022.03.07 13:13:02,1646658782632,XAUUSD,294,0,0,3,0.01,1981.774,0.0,-0.06,0.0,0.0,CAP|75|2
295,2022.03.07 13:20:14,1646659214616,XAUUSD,292,1,1,4,0.01,1971.838,-29.96,0.0,0.0,0.0,sl 1971.846
296,2022.03.07 13:20:14,1646659214616,XAUUSD,293,1,1,4,0.01,1971.838,-19.95,0.0,0.0,0.0,sl 1971.846
297,2022.03.07 13:20:14,1646659214616,XAUUSD,294,1,1,4,0.01,1971.838,-9.93,0.0,0.0,0.0,sl 1971.846
298,2022.03.07 13:20:14,1646659214670,XAUUSD,298,0,0,3,0.01,1972.276,0.0,-0.06,0.0,0.0,CAP|76|0
299,2022.03.07 13:41:31,1646660491729,XAUUSD,299,0,0,3,0.01,1962.263,0.0,-0.06,0.0,0.0,CAP|76|1
300,2022.03.07 13:56:30,1646661390034,XAUUSD,298,1,1,5,0.01,1977.352,5.07,0.0,0.0,0.0,tp 1977.330
301,2022.03.07 13:56:30,1646661390034,XAUUSD,299,1,1,5,0.01,1977.352,15.09,0.0,0.0,0.0,tp 1977.330
302,2022.03.07 13:56:30,1646661390103,XAUUSD,302,0,0,3,0.01,1977.508,0.0,-0.06,0.0,0.0,CAP|77|0
303,2022.03.07 20:50:37,1646686237027,XAUUSD,302,1,1,5,0.01,1997.576,20.07,0.0,0.0,0.0,tp 1997.568
304,2022.03.07 20:50:37,1646686237298,XAUUSD,304,0,0,3,0.01,1997.724,0.0,-0.06,0.0,0.0,CAP|78|0
305,2022.03.08 01:10:39,1646701839001,XAUUSD,305,0,0,3,0.01,1987.724,0.0,-0.06,0.0,0.0,CAP|78|1
306,2022.03.08 06:33:32,1646721212395,XAUUSD,304,1,1,5,0.01,2003.069,5.35,0.0,-0.53,0.0,tp 2003.049
307,2022.03.08 06:33:32,1646721212395,XAUUSD,305,1,1,5,0.01,2003.069,15.35,0.0,0.0,0.0,tp 2003.049
308,2022.03.08 06:33:32,1646721212501,XAUUSD,308,0,0,3,0.01,2003.358,0.0,-0.06,0.0,0.0,CAP|79|0
309,2022.03.08 14:38:39,1646750319149,XAUUSD,308,1,1,5,0.01,2023.428,20.07,0.0,0.0,0.0,tp 2023.418
310,2022.03.09 00:00:00,1646784000001,XAUUSD,310,0,0,3,0.01,2043.962,0.0,-0.06,0.0,0.0,CAP|80|0
311,2022.03.09 09:05:27,1646816727417,XAUUSD,311,0,0,3,0.01,2033.946,0.0,-0.06,0.0,0.0,CAP|80|1
312,2022.03.09 09:39:37,1646818777521,XAUUSD,312,0,0,3,0.01,2023.957,0.0,-0.06,0.0,0.0,CAP|80|2
313,2022.03.09 10:02:05,1646820125791,XAUUSD,310,1,1,4,0.01,2014.015,-29.94,0.0,0.0,0.0,sl 2014.015
314,2022.03.09 10:02:05,1646820125791,XAUUSD,311,1,1,4,0.01,2014.015,-19.93,0.0,0.0,0.0,sl 2014.015
315,2022.03.09 10:02:05,1646820125791,XAUUSD,312,1,1,4,0.01,2014.015,-9.94,0.0,0.0,0.0,sl 2014.015
316,2022.03.09 10:02:05,1646820125908,XAUUSD,316,0,0,3,0.01,2014.252,0.0,-0.06,0.0,0.0,CAP|81|0
317,2022.03.09 10:08:42,1646820522599,XAUUSD,317,0,0,3,0.01,2004.233,0.0,-0.06,0.0,0.0,CAP|81|1
318,2022.03.09 12:36:38,1646829398095,XAUUSD,316,1,1,5,0.01,2019.313,5.06,0.0,0.0,0.0,tp 2019.303
319,2022.03.09 12:36:38,1646829398095,XAUUSD,317,1,1,5,0.01,2019.313,15.08,0.0,0.0,0.0,tp 2019.303
320,2022.03.09 12:36:38,1646829398572,XAUUSD,320,0,0,3,0.01,2019.46,0.0,-0.06,0.0,0.0,CAP|82|0
321,2022.03.09 12:59:40,1646830780702,XAUUSD,321,0,0,3,0.01,2009.459,0.0,-0.06,0.0,0.0,CAP|82|1
322,2022.03.09 13:25:18,1646832318359,XAUUSD,322,0,0,3,0.01,1999.46,0.0,-0.06,0.0,0.0,CAP|82|2
323,2022.03.09 13:26:31,1646832391709,XAUUSD,320,1,1,4,0.01,1992.84,-26.62,0.0,0.0,0.0,sl 1992.843
324,2022.03.09 13:26:31,1646832391709,XAUUSD,321,1,1,4,0.01,1992.84,-16.62,0.0,0.0,0.0,sl 1992.843
325,2022.03.09 13:26:31,1646832391709,XAUUSD,322,1,1,4,0.01,1992.84,-6.62,0.0,0.0,0.0,sl 1992.843
326,2022.03.10 00:00:00,1646870400001,XAUUSD,326,0,0,3,0.01,1990.025,0.0,-0.06,0.0,0.0,CAP|83|0
327,2022.03.10 01:00:42,1646874042464,XAUUSD,327,0,0,3,0.01,1980.003,0.0,-0.06,0.0,0.0,CAP|83|1
328,2022.03.10 10:13:20,1646907200832,XAUUSD,326,1,1,5,0.01,1995.105,5.08,0.0,0.0,0.0,tp 1995.074
329,2022.03.10 10:13:20,1646907200832,XAUUSD,327,1,1,5,0.01,1995.105,15.11,0.0,0.0,0.0,tp 1995.074
330,2022.03.10 10:13:20,1646907200919,XAUUSD,330,0,0,3,0.01,1995.391,0.0,-0.06,0.0,0.0,CAP|84|0
331,2022.03.10 15:18:02,1646925482364,XAUUSD,331,0,0,3,0.01,1985.381,0.0,-0.06,0.0,0.0,CAP|84|1
332,2022.03.10 17:20:27,1646932827826,XAUUSD,330,1,1,5,0.01,2000.462,5.07,0.0,0.0,0.0,tp 2000.446
333,2022.03.10 17:20:27,1646932827826,XAUUSD,331,1,1,5,0.01,2000.462,15.08,0.0,0.0,0.0,tp 2000.446
334,2022.03.11 00:00:00,1646956800001,XAUUSD,334,0,0,3,0.01,1995.551,0.0,-0.06,0.0,0.0,CAP|85|0
335,2022.03.11 05:12:29,1646975549816,XAUUSD,335,0,0,3,0.01,1985.534,0.0,-0.06,0.0,0.0,CAP|85|1
336,2022.03.11 11:26:42,1646998002630,XAUUSD,336,0,0,3,0.01,1975.551,0.0,-0.06,0.0,0.0,CAP|85|2
337,2022.03.11 12:15:05,1647000905284,XAUUSD,334,1,1,4,0.01,1965.577,-29.97,0.0,0.0,0.0,sl 1965.606
338,2022.03.11 12:15:05,1647000905284,XAUUSD,335,1,1,4,0.01,1965.577,-19.95,0.0,0.0,0.0,sl 1965.606
339,2022.03.11 12:15:05,1647000905284,XAUUSD,336,1,1,4,0.01,1965.577,-9.97,0.0,0.0,0.0,sl 1965.606
340,2022.03.11 12:15:05,1647000905370,XAUUSD,340,0,0,3,0.01,1965.918,0.0,-0.06,0.0,0.0,CAP|86|0
341,2022.03.11 16:42:29,1647016949099,XAUUSD,340,1,1,5,0.01,1985.978,20.06,0.0,0.0,0.0,tp 1985.978
342,2022.03.11 16:42:29,1647016949154,XAUUSD,342,0,0,3,0.01,1986.121,0.0,-0.06,0.0,0.0,CAP|87|0
343,2022.03.13 22:24:26,1647210266760,XAUUSD,343,0,0,3,0.01,1976.119,0.0,-0.06,0.0,0.0,CAP|87|1
344,2022.03.14 09:01:38,1647248498508,XAUUSD,344,0,0,3,0.01,1966.094,0.0,-0.06,0.0,0.0,CAP|87|2
345,2022.03.14 11:24:37,1647257077551,XAUUSD,342,1,1,4,0.01,1956.291,-29.83,0.0,-0.53,0.0,sl 1956.348
346,2022.03.14 11:24:37,1647257077551,XAUUSD,343,1,1,4,0.01,1956.291,-19.83,0.0,0.0,0.0,sl 1956.348
347,2022.03.14 11:24:37,1647257077551,XAUUSD,344,1,1,4,0.01,1956.291,-9.8,0.0,0.0,0.0,sl 1956.348
348,2022.03.14 11:24:37,1647257077756,XAUUSD,348,0,0,3,0.01,1956.34,0.0,-0.06,0.0,0.0,CAP|88|0
349,2022.03.15 00:01:41,1647302501555,XAUUSD,349,0,0,3,0.01,1946.324,0.0,-0.06,0.0,0.0,CAP|88|1
350,2022.03.15 05:00:00,1647320400963,XAUUSD,350,0,0,3,0.01,1936.339,0.0,-0.06,0.0,0.0,CAP|88|2
351,2022.03.15 05:56:40,1647323800000,XAUUSD,348,1,1,4,0.01,1926.552,-29.79,0.0,-0.53,0.0,sl 1926.571
352,2022.03.15 05:56:40,1647323800000,XAUUSD,349,1,1,4,0.01,1926.552,-19.77,0.0,0.0,0.0,sl 1926.571
353,2022.03.15 05:56:40,1647323800000,XAUUSD,350,1,1,4,0.01,1926.552,-9.79,0.0,0.0,0.0,sl 1926.571
354,2022.03.15 05:56:40,1647323800455,XAUUSD,354,0,0,3,0.01,1926.838,0.0,-0.06,0.0,0.0,CAP|89|0
355,2022.03.15 13:10:40,1647349840107,XAUUSD,355,0,0,3,0.01,1916.838,0.0,-0.06,0.0,0.0,CAP|89|1
356,2022.03.16 14:15:31,1647440131232,XAUUSD,354,1,1,4,0.01,1906.892,-19.95,0.0,-0.53,0.0,sl 1906.898
357,2022.03.16 14:15:31,1647440131232,XAUUSD,355,1,1,4,0.01,1906.892,-9.95,0.0,-0.53,0.0,sl 1906.898
358,2022.03.16 14:15:31,1647440131294,XAUUSD,358,0,0,3,0.01,1907.112,0.0,-0.06,0.0,0.0,CAP|90|0
359,2022.03.16 18:19:41,1647454781605,XAUUSD,359,0,0,3,0.01,1897.099,0.0,-0.06,0.0,0.0,CAP|90|1
360,2022.03.16 18:46:28,1647456388235,XAUUSD,358,1,1,5,0.01,1912.169,5.06,0.0,0.0,0.0,tp 1912.166
361,2022.03.16 18:46:28,1647456388235,XAUUSD,359,1,1,5,0.01,1912.169,15.07,0.0,0.0,0.0,tp 1912.166
362,2022.03.16 18:46:28,1647456388372,XAUUSD,362,0,0,3,0.01,1912.315,0.0,-0.06,0.0,0.0,CAP|91|0
363,2022.03.17 02:00:41,1647482441578,XAUUSD,362,1,1,5,0.01,1933.979,21.66,0.0,-1.6,0.0,tp 1933.975
364,2022.03.17 02:00:42,1647482442106,XAUUSD,364,0,0,3,0.01,1934.125,0.0,-0.06,0.0,0.0,CAP|92|0
365,2022.03.18 13:24:32,1647609872296,XAUUSD,365,0,0,3,0.01,1924.099,0.0,-0.06,0.0,0.0,CAP|92|1
366,2022.03.21 18:57:38,1647889058793,XAUUSD,364,1,1,5,0.01,1939.994,5.86,0.0,-1.06,0.0,tp 1939.967
367,2022.03.21 18:57:38,1647889058793,XAUUSD,365,1,1,5,0.01,1939.994,15.89,0.0,-0.53,0.0,tp 1939.967
368,2022.03.21 18:57:39,1647889059052,XAUUSD,368,0,0,3,0.01,1940.242,0.0,-0.06,0.0,0.0,CAP|93|0
369,2022.03.22 00:44:36,1647909876970,XAUUSD,369,0,0,3,0.01,1930.213,0.0,-0.06,0.0,0.0,CAP|93|1
370,2022.03.22 13:45:38,1647956738841,XAUUSD,370,0,0,3,0.01,1920.239,0.0,-0.06,0.0,0.0,CAP|93|2
371,2022.03.23 17:53:15,1648057995000,XAUUSD,368,1,1,5,0.01,1937.675,-2.56,0.0,-1.06,0.0,tp 1937.665
372,2022.03.23 17:53:15,1648057995000,XAUUSD,369,1,1,5,0.01,1937.675,7.47,0.0,-0.53,0.0,tp 1937.665
373,2022.03.23 17:53:15,1648057995000,XAUUSD,370,1,1,5,0.01,1937.675,17.44,0.0,-0.53,0.0,tp 1937.665
374,2022.03.23 17:53:15,1648057995751,XAUUSD,374,0,0,3,0.01,1937.814,0.0,-0.06,0.0,0.0,CAP|94|0
375,2022.03.24 14:18:41,1648131521711,XAUUSD,374,1,1,5,0.01,1959.498,21.69,0.0,-1.6,0.0,tp 1959.474
376,2022.03.24 14:18:41,1648131521838,XAUUSD,376,0,0,3,0.01,1959.651,0.0,-0.06,0.0,0.0,CAP|95|0
377,2022.03.25 13:24:15,1648214655563,XAUUSD,377,0,0,3,0.01,1949.638,0.0,-0.06,0.0,0.0,CAP|95|1
378,2022.03.28 05:30:40,1648445440345,XAUUSD,378,0,0,3,0.01,1939.627,0.0,-0.06,0.0,0.0,CAP|95|2
379,2022.03.28 08:25:24,1648455924267,XAUUSD,376,1,1,4,0.01,1930.229,-29.42,0.0,-1.06,0.0,sl 1930.229
380,2022.03.28 08:25:24,1648455924267,XAUUSD,377,1,1,4,0.01,1930.229,-19.41,0.0,-0.53,0.0,sl 1930.229
381,2022.03.28 08:25:24,1648455924267,XAUUSD,378,1,1,4,0.01,1930.229,-9.4,0.0,0.0,0.0,sl 1930.229
382,2022.03.28 08:25:24,1648455924459,XAUUSD,382,0,0,3,0.01,1930.328,0.0,-0.06,0.0,0.0,CAP|96|0
383,2022.03.28 19:32:40,1648495960177,XAUUSD,383,0,0,3,0.01,1920.31,0.0,-0.06,0.0,0.0,CAP|96|1
384,2022.03.29 08:40:41,1648543241716,XAUUSD,382,1,1,4,0.01,1910.293,-20.04,0.0,-0.53,0.0,sl 1910.319
385,2022.03.29 08:40:41,1648543241716,XAUUSD,383,1,1,4,0.01,1910.293,-10.02,0.0,-0.53,0.0,sl 1910.319
386,2022.03.29 08:40:41,1648543241846,XAUUSD,386,0,0,3,0.01,1910.379,0.0,-0.06,0.0,0.0,CAP|97|0
387,2022.03.29 12:23:24,1648556604001,XAUUSD,387,0,0,3,0.01,1900.376,0.0,-0.06,0.0,0.0,CAP|97|1
388,2022.03.29 12:36:42,1648557402651,XAUUSD,388,0,0,3,0.01,1890.357,0.0,-0.06,0.0,0.0,CAP|97|2
389,2022.03.29 13:54:15,1648562055549,XAUUSD,386,1,1,5,0.01,1907.109,-3.27,0.0,0.0,0.0,tp 1907.098
390,2022.03.29 13:54:15,1648562055549,XAUUSD,387,1,1,5,0.01,1907.109,6.73,0.0,0.0,0.0,tp 1907.098
391,2022.03.29 13:54:15,1648562055549,XAUUSD,388,1,1,5,0.01,1907.109,16.75,0.0,0.0,0.0,tp 1907.098
392,2022.03.29 13:54:15,1648562055707,XAUUSD,392,0,0,3,0.01,1907.263,0.0,-0.06,0.0,0.0,CAP|98|0
393,2022.03.30 06:20:37,1648621237431,XAUUSD,392,1,1,5,0.01,1927.874,20.61,0.0,-0.53,0.0,tp 1927.853
394,2022.03.30 06:20:37,1648621237982,XAUUSD,394,0,0,3,0.01,1928.049,0.0,-0.06,0.0,0.0,CAP|99|0
395,2022.03.30 09:21:14,1648632074458,XAUUSD,395,0,0,3,0.01,1918.027,0.0,-0.06,0.0,0.0,CAP|99|1
396,2022.03.30 13:45:26,1648647926407,XAUUSD,394,1,1,5,0.01,1933.101,5.05,0.0,0.0,0.0,tp 1933.098
397,2022.03.30 13:45:26,1648647926407,XAUUSD,395,1,1,5,0.01,1933.101,15.07,0.0,0.0,0.0,tp 1933.098
398,2022.03.31 00:00:00,1648684800001,XAUUSD,398,0,0,3,0.01,1934.207,0.0,-0.06,0.0,0.0,CAP|100|0
399,2022.03.31 03:04:38,1648695878444,XAUUSD,399,0,0,3,0.01,1924.184,0.0,-0.06,0.0,0.0,CAP|100|1
400,2022.03.31 13:33:27,1648733607491,XAUUSD,398,1,1,3,0.01,1939.255,5.05,0.0,0.0,0.0,
401,2022.03.31 13:33:27,1648733607492,XAUUSD,399,1,1,3,0.01,1939.255,15.08,0.0,0.0,0.0,
402,2022.03.31 13:33:27,1648733607710,XAUUSD,402,0,0,3,0.01,1939.404,0.0,-0.06,0.0,0.0,CAP|101|0
403,2022.04.01 10:54:32,1648810472001,XAUUSD,403,0,0,3,0.01,1929.401,0.0,-0.06,0.0,0.0,CAP|101|1
404,2022.04.01 14:33:42,1648823622072,XAUUSD,404,0,0,3,0.01,1919.38,0.0,-0.06,0.0,0.0,CAP|101|2
405,2022.04.04 13:40:43,1649079643298,XAUUSD,402,1,1,5,0.01,1936.846,-2.55,0.0,-1.06,0.0,tp 1936.829
406,2022.04.04 13:40:43,1649079643298,XAUUSD,403,1,1,5,0.01,1936.846,7.45,0.0,-0.53,0.0,tp 1936.829
407,2022.04.04 13:40:43,1649079643298,XAUUSD,404,1,1,5,0.01,1936.846,17.47,0.0,-0.53,0.0,tp 1936.829
408,2022.04.04 13:40:43,1649079643454,XAUUSD,408,0,0,3,0.01,1936.956,0.0,-0.06,0.0,0.0,CAP|102|0
409,2022.04.04 13:58:24,1649080704085,XAUUSD,409,0,0,3,0.01,1926.934,0.0,-0.06,0.0,0.0,CAP|102|1
410,2022.04.05 13:41:05,1649166065280,XAUUSD,408,1,1,5,0.01,1942.569,5.61,0.0,-0.53,0.0,tp 1942.535
411,2022.04.05 13:41:05,1649166065280,XAUUSD,409,1,1,5,0.01,1942.569,15.64,0.0,-0.53,0.0,tp 1942.535
412,2022.04.05 13:41:05,1649166065761,XAUUSD,412,0,0,3,0.01,1942.682,0.0,-0.06,0.0,0.0,CAP|103|0
413,2022.04.05 14:17:26,1649168246025,XAUUSD,413,0,0,3,0.01,1932.667,0.0,-0.06,0.0,0.0,CAP|103|1
414,2022.04.05 15:59:29,1649174369033,XAUUSD,414,0,0,3,0.01,1922.65,0.0,-0.06,0.0,0.0,CAP|103|2
415,2022.04.08 14:00:39,1649426439219,XAUUSD,412,1,1,5,0.01,1942.055,-0.62,0.0,-2.66,0.0,tp 1942.053
416,2022.04.08 14:00:39,1649426439219,XAUUSD,413,1,1,5,0.01,1942.055,9.39,0.0,-2.66,0.0,tp 1942.053
417,2022.04.08 14:00:39,1649426439219,XAUUSD,414,1,1,5,0.01,1942.055,19.41,0.0,-2.66,0.0,tp 1942.053
418,2022.04.08 14:00:39,1649426439366,XAUUSD,418,0,0,3,0.01,1942.197,0.0,-0.06,0.0,0.0,CAP|104|0
419,2022.04.11 12:07:29,1649678849999,XAUUSD,418,1,1,5,0.01,1962.802,20.6,0.0,-0.53,0.0,tp 1962.787
420,2022.04.11 12:07:30,1649678850248,XAUUSD,420,0,0,3,0.01,1962.949,0.0,-0.06,0.0,0.0,CAP|105|0
421,2022.04.11 13:52:42,1649685162146,XAUUSD,421,0,0,3,0.01,1952.931,0.0,-0.06,0.0,0.0,CAP|105|1
422,2022.04.11 16:54:31,1649696071610,XAUUSD,422,0,0,3,0.01,1942.92,0.0,-0.06,0.0,0.0,CAP|105|2
423,2022.04.12 04:29:33,1649737773000,XAUUSD,420,1,1,5,0.01,1960.202,-2.75,0.0,-0.53,0.0,tp 1960.190
424,2022.04.12 04:29:33,1649737773000,XAUUSD,421,1,1,5,0.01,1960.202,7.27,0.0,-0.53,0.0,tp 1960.190
425,2022.04.12 04:29:33,1649737773000,XAUUSD,422,1,1,5,0.01,1960.202,17.28,0.0,-0.53,0.0,tp 1960.190
426,2022.04.12 04:29:34,1649737774001,XAUUSD,426,0,0,3,0.01,1960.353,0.0,-0.06,0.0,0.0,CAP|106|0
427,2022.04.12 09:06:24,1649754384858,XAUUSD,427,0,0,3,0.01,1950.342,0.0,-0.06,0.0,0.0,CAP|106|1
428,2022.04.12 12:33:26,1649766806794,XAUUSD,426,1,1,5,0.01,1965.423,5.07,0.0,0.0,0.0,tp 1965.408
429,2022.04.12 12:33:26,1649766806794,XAUUSD,427,1,1,5,0.01,1965.423,15.08,0.0,0.0,0.0,tp 1965.408
430,2022.04.13 00:00:00,1649808000001,XAUUSD,430,0,0,3,0.01,1966.061,0.0,-0.06,0.0,0.0,CAP|107|0
431,2022.04.18 06:28:13,1650263293043,XAUUSD,430,1,1,5,0.01,1988.792,22.73,0.0,-2.66,0.0,tp 1988.781
432,2022.04.18 06:28:13,1650263293696,XAUUSD,432,0,0,3,0.01,1988.934,0.0,-0.06,0.0,0.0,CAP|108|0
433,2022.04.18 17:44:26,1650303866087,XAUUSD,433,0,0,3,0.01,1978.929,0.0,-0.06,0.0,0.0,CAP|108|1
434,2022.04.19 12:45:30,1650372330893,XAUUSD,434,0,0,3,0.01,1968.929,0.0,-0.06,0.0,0.0,CAP|108|2
435,2022.04.19 13:04:31,1650373471724,XAUUSD,432,1,1,3,0.01,1959.345,-29.58,0.0,-0.53,0.0,
436,2022.04.19 13:04:31,1650373471725,XAUUSD,433,1,1,3,0.01,1959.345,-19.58,0.0,-0.53,0.0,
437,2022.04.19 13:04:31,1650373471726,XAUUSD,434,1,1,3,0.01,1959.345,-9.58,0.0,0.0,0.0,
438,2022.04.19 13:04:31,1650373471794,XAUUSD,438,0,0,3,0.01,1959.804,0.0,-0.06,0.0,0.0,CAP|109|0
439,2022.04.19 19:14:37,1650395677501,XAUUSD,439,0,0,3,0.01,1949.78,0.0,-0.06,0.0,0.0,CAP|109|1
440,2022.04.20 06:16:39,1650435399473,XAUUSD,438,1,1,4,0.01,1939.768,-20.03,0.0,-0.53,0.0,sl 1939.782
441,2022.04.20 06:16:39,1650435399473,XAUUSD,439,1,1,4,0.01,1939.768,-10.01,0.0,-0.53,0.0,sl 1939.782
442,2022.04.20 06:16:40,1650435400000,XAUUSD,442,0,0,3,0.01,1939.988,0.0,-0.06,0.0,0.0,CAP|110|0
443,2022.04.22 12:19:40,1650629980893,XAUUSD,443,0,0,3,0.01,1929.972,0.0,-0.06,0.0,0.0,CAP|110|1
444,2022.04.22 13:46:42,1650635202086,XAUUSD,442,1,1,5,0.01,1946.114,6.12,0.0,-2.13,0.0,tp 1946.105
445,2022.04.22 13:46:42,1650635202086,XAUUSD,443,1,1,5,0.01,1946.114,16.14,0.0,0.0,0.0,tp 1946.105
446,2022.04.22 13:46:42,1650635202261,XAUUSD,446,0,0,3,0.01,1946.262,0.0,-0.06,0.0,0.0,CAP|111|0
447,2022.04.22 14:48:37,1650638917693,XAUUSD,447,0,0,3,0.01,1936.242,0.0,-0.06,0.0,0.0,CAP|111|1
448,2022.04.25 00:49:40,1650847780321,XAUUSD,448,0,0,3,0.01,1926.244,0.0,-0.06,0.0,0.0,CAP|111|2
449,2022.04.25 04:43:37,1650861817869,XAUUSD,446,1,1,4,0.01,1916.659,-29.6,0.0,-0.53,0.0,sl 1916.663
450,2022.04.25 04:43:37,1650861817869,XAUUSD,447,1,1,4,0.01,1916.659,-19.58,0.0,-0.53,0.0,sl 1916.663
451,2022.04.25 04:43:37,1650861817869,XAUUSD,448,1,1,4,0.01,1916.659,-9.58,0.0,0.0,0.0,sl 1916.663
452,2022.04.25 04:43:37,1650861817966,XAUUSD,452,0,0,3,0.01,1917.24,0.0,-0.06,0.0,0.0,CAP|112|0
453,2022.04.25 11:02:38,1650884558868,XAUUSD,453,0,0,3,0.01,1907.216,0.0,-0.06,0.0,0.0,CAP|112|1
454,2022.04.25 12:22:28,1650889348000,XAUUSD,452,1,1,4,0.01,1897.221,-20.02,0.0,0.0,0.0,sl 1897.228
455,2022.04.25 12:22:28,1650889348000,XAUUSD,453,1,1,4,0.01,1897.221,-10.0,0.0,0.0,0.0,sl 1897.228
456,2022.04.26 00:00:00,1650931200001,XAUUSD,456,0,0,3,0.01,1899.537,0.0,-0.06,0.0,0.0,CAP|113|0
457,2022.04.27 08:12:31,1651047151167,XAUUSD,457,0,0,3,0.01,1889.515,0.0,-0.06,0.0,0.0,CAP|113|1
458,2022.04.27 12:16:36,1651061796923,XAUUSD,456,1,1,5,0.01,1904.864,5.32,0.0,-0.53,0.0,tp 1904.851
459,2022.04.27 12:16:36,1651061796923,XAUUSD,457,1,1,5,0.01,1904.864,15.34,0.0,0.0,0.0,tp 1904.851
460,2022.04.27 12:16:37,1651061797124,XAUUSD,460,0,0,3,0.01,1905.023,0.0,-0.06,0.0,0.0,CAP|114|0
461,2022.04.27 13:02:39,1651064559010,XAUUSD,461,0,0,3,0.01,1895.017,0.0,-0.06,0.0,0.0,CAP|114|1
462,2022.04.27 13:44:40,1651067080177,XAUUSD,462,0,0,3,0.01,1885.02,0.0,-0.06,0.0,0.0,CAP|114|2
463,2022.04.28 04:00:31,1651118431798,XAUUSD,460,1,1,4,0.01,1876.656,-28.36,0.0,-1.6,0.0,sl 1876.680
464,2022.04.28 04:00:31,1651118431798,XAUUSD,461,1,1,4,0.01,1876.656,-18.36,0.0,-1.6,0.0,sl 1876.680
465,2022.04.28 04:00:31,1651118431798,XAUUSD,462,1,1,4,0.01,1876.656,-8.36,0.0,-1.6,0.0,sl 1876.680
466,2022.04.28 04:00:31,1651118431988,XAUUSD,466,0,0,3,0.01,1876.905,0.0,-0.06,0.0,0.0,CAP|115|0
467,2022.04.29 00:16:10,1651191370000,XAUUSD,466,1,1,5,0.01,1897.508,20.6,0.0,-0.53,0.0,tp 1897.495
468,2022.04.29 00:16:11,1651191371001,XAUUSD,468,0,0,3,0.01,1897.66,0.0,-0.06,0.0,0.0,CAP|116|0
469,2022.04.29 10:29:50,1651228190295,XAUUSD,468,1,1,3,0.01,1917.719,20.06,0.0,0.0,0.0,
470,2022.05.01 22:05:00,1651442700001,XAUUSD,470,0,0,3,0.01,1899.552,0.0,-0.06,0.0,0.0,CAP|117|0
471,2022.05.02 00:47:40,1651452460953,XAUUSD,471,0,0,3,0.01,1889.532,0.0,-0.06,0.0,0.0,CAP|117|1
472,2022.05.02 08:42:39,1651480959623,XAUUSD,472,0,0,3,0.01,1879.53,0.0,-0.06,0.0,0.0,CAP|117|2
473,2022.05.02 12:20:13,1651494013630,XAUUSD,470,1,1,3,0.01,1869.599,-29.95,0.0,0.0,0.0,
474,2022.05.02 12:20:13,1651494013631,XAUUSD,471,1,1,3,0.01,1869.599,-19.93,0.0,0.0,0.0,
475,2022.05.02 12:20:13,1651494013632,XAUUSD,472,1,1,3,0.01,1869.599,-9.93,0.0,0.0,0.0,
476,2022.05.02 12:20:13,1651494013771,XAUUSD,476,0,0,3,0.01,1869.947,0.0,-0.06,0.0,0.0,CAP|118|0
477,2022.05.02 13:04:38,1651496678877,XAUUSD,477,0,0,3,0.01,1859.944,0.0,-0.06,0.0,0.0,CAP|118|1
478,2022.05.03 14:37:44,1651588664776,XAUUSD,476,1,1,5,0.01,1875.558,5.61,0.0,-0.53,0.0,tp 1875.536
479,2022.05.03 14:37:44,1651588664776,XAUUSD,477,1,1,5,0.01,1875.558,15.62,0.0,-0.53,0.0,tp 1875.536
480,2022.05.03 14:37:45,1651588665224,XAUUSD,480,0,0,3,0.01,1875.709,0.0,-0.06,0.0,0.0,CAP|119|0
481,2022.05.03 19:36:23,1651606583721,XAUUSD,481,0,0,3,0.01,1865.691,0.0,-0.06,0.0,0.0,CAP|119|1
482,2022.05.04 18:48:26,1651690106961,XAUUSD,480,1,1,5,0.01,1881.291,5.58,0.0,-0.53,0.0,tp 1881.290
483,2022.05.04 18:48:26,1651690106961,XAUUSD,481,1,1,5,0.01,1881.291,15.6,0.0,-0.53,0.0,tp 1881.290
484,2022.05.04 18:48:27,1651690107032,XAUUSD,484,0,0,3,0.01,1881.427,0.0,-0.06,0.0,0.0,CAP|120|0
485,2022.05.05 01:38:39,1651714719740,XAUUSD,484,1,1,5,0.01,1903.089,21.66,0.0,-1.6,0.0,tp 1903.087
486,2022.05.05 01:38:40,1651714720130,XAUUSD,486,0,0,3,0.01,1903.244,0.0,-0.06,0.0,0.0,CAP|121|0
487,2022.05.05 07:25:19,1651735519048,XAUUSD,487,0,0,3,0.01,1893.237,0.0,-0.06,0.0,0.0,CAP|121|1
488,2022.05.05 12:49:44,1651754984776,XAUUSD,486,1,1,5,0.01,1908.309,5.07,0.0,0.0,0.0,tp 1908.301
489,2022.05.05 12:49:44,1651754984776,XAUUSD,487,1,1,5,0.01,1908.309,15.07,0.0,0.0,0.0,tp 1908.301
490,2022.05.06 00:00:00,1651795200001,XAUUSD,490,0,0,3,0.01,1874.361,0.0,-0.06,0.0,0.0,CAP|122|0
491,2022.05.09 09:28:19,1652088499727,XAUUSD,491,0,0,3,0.01,1864.33,0.0,-0.06,0.0,0.0,CAP|122|1
492,2022.05.09 18:55:39,1652122539260,XAUUSD,492,0,0,3,0.01,1854.348,0.0,-0.06,0.0,0.0,CAP|122|2
493,2022.05.10 15:33:19,1652196799428,XAUUSD,490,1,1,4,0.01,1845.106,-29.25,0.0,-1.06,0.0,sl 1845.113
494,2022.05.10 15:33:19,1652196799428,XAUUSD,491,1,1,4,0.01,1845.106,-19.22,0.0,-0.53,0.0,sl 1845.113
495,2022.05.10 15:33:19,1652196799428,XAUUSD,492,1,1,4,0.01,1845.106,-9.24,0.0,-0.53,0.0,sl 1845.113
496,2022.05.10 15:33:19,1652196799715,XAUUSD,496,0,0,3,0.01,1845.331,0.0,-0.06,0.0,0.0,CAP|123|0
497,2022.05.10 23:44:26,1652226266380,XAUUSD,497,0,0,3,0.01,1835.318,0.0,-0.06,0.0,0.0,CAP|123|1
498,2022.05.11 07:21:41,1652253701958,XAUUSD,496,1,1,5,0.01,1850.941,5.61,0.0,-0.53,0.0,tp 1850.915
499,2022.05.11 07:21:41,1652253701958,XAUUSD,497,1,1,5,0.01,1850.941,15.62,0.0,-0.53,0.0,tp 1850.915
500,2022.05.11 07:21:42,1652253702168,XAUUSD,500,0,0,3,0.01,1851.39,0.0,-0.06,0.0,0.0,CAP|124|0
501,2022.05.11 12:37:27,1652272647017,XAUUSD,501,0,0,3,0.01,1841.373,0.0,-0.06,0.0,0.0,CAP|124|1
502,2022.05.11 13:49:27,1652276967906,XAUUSD,500,1,1,5,0.01,1856.454,5.06,0.0,0.0,0.0,tp 1856.442
503,2022.05.11 13:49:27,1652276967906,XAUUSD,501,1,1,5,0.01,1856.454,15.08,0.0,0.0,0.0,tp 1856.442
504,2022.05.12 00:00:00,1652313600001,XAUUSD,504,0,0,3,0.01,1854.225,0.0,-0.06,0.0,0.0,CAP|125|0
505,2022.05.12 07:19:15,1652339955579,XAUUSD,505,0,0,3,0.01,1844.217,0.0,-0.06,0.0,0.0,CAP|125|1
506,2022.05.12 15:48:40,1652370520299,XAUUSD,506,0,0,3,0.01,1834.212,0.0,-0.06,0.0,0.0,CAP|125|2
507,2022.05.12 16:57:13,1652374633454,XAUUSD,504,1,1,4,0.01,1824.278,-29.95,0.0,0.0,0.0,sl 1824.278
508,2022.05.12 16:57:13,1652374633454,XAUUSD,505,1,1,4,0.01,1824.278,-19.94,0.0,0.0,0.0,sl 1824.278
509,2022.05.12 16:57:13,1652374633454,XAUUSD,506,1,1,4,0.01,1824.278,-9.93,0.0,0.0,0.0,sl 1824.278
510,2022.05.12 16:57:13,1652374633637,XAUUSD,510,0,0,3,0.01,1824.517,0.0,-0.06,0.0,0.0,CAP|126|0
511,2022.05.12 22:32:30,1652394750304,XAUUSD,511,0,0,3,0.01,1814.496,0.0,-0.06,0.0,0.0,CAP|126|1
512,2022.05.13 13:08:38,1652447318037,XAUUSD,510,1,1,4,0.01,1804.567,-19.95,0.0,-0.53,0.0,sl 1804.567
513,2022.05.13 13:08:38,1652447318037,XAUUSD,511,1,1,4,0.01,1804.567,-9.93,0.0,-0.53,0.0,sl 1804.567
514,2022.05.13 13:08:38,1652447318265,XAUUSD,514,0,0,3,0.01,1804.649,0.0,-0.06,0.0,0.0,CAP|127|0
515,2022.05.16 07:44:39,1652687079822,XAUUSD,515,0,0,3,0.01,1794.635,0.0,-0.06,0.0,0.0,CAP|127|1
516,2022.05.16 12:55:37,1652705737981,XAUUSD,514,1,1,5,0.01,1809.985,5.34,0.0,-0.53,0.0,tp 1809.967
517,2022.05.16 12:55:37,1652705737981,XAUUSD,515,1,1,5,0.01,1809.985,15.35,0.0,0.0,0.0,tp 1809.967
518,2022.05.16 12:55:38,1652705738257,XAUUSD,518,0,0,3,0.01,1810.136,0.0,-0.06,0.0,0.0,CAP|128|0
519,2022.05.17 11:31:23,1652787083999,XAUUSD,518,1,1,5,0.01,1830.729,20.59,0.0,-0.53,0.0,tp 1830.726
520,2022.05.17 11:31:24,1652787084600,XAUUSD,520,0,0,3,0.01,1830.876,0.0,-0.06,0.0,0.0,CAP|129|0
521,2022.05.17 14:06:28,1652796388094,XAUUSD,521,0,0,3,0.01,1820.86,0.0,-0.06,0.0,0.0,CAP|129|1
522,2022.05.18 02:06:15,1652839575442,XAUUSD,522,0,0,3,0.01,1810.852,0.0,-0.06,0.0,0.0,CAP|129|2
523,2022.05.19 09:59:27,1652954367373,XAUUSD,520,1,1,5,0.01,1829.559,-1.32,0.0,-2.13,0.0,tp 1829.543
524,2022.05.19 09:59:27,1652954367373,XAUUSD,521,1,1,5,0.01,1829.559,8.7,0.0,-2.13,0.0,tp 1829.543
525,2022.05.19 09:59:27,1652954367373,XAUUSD,522,1,1,5,0.01,1829.559,18.71,0.0,-1.6,0.0,tp 1829.543
526,2022.05.19 09:59:27,1652954367650,XAUUSD,526,0,0,3,0.01,1829.713,0.0,-0.06,0.0,0.0,CAP|130|0
527,2022.05.23 00:45:22,1653266722000,XAUUSD,526,1,1,5,0.01,1850.835,21.13,0.0,-1.06,0.0,tp 1850.833
528,2022.05.23 00:45:24,1653266724001,XAUUSD,528,0,0,3,0.01,1850.981,0.0,-0.06,0.0,0.0,CAP|131|0
529,2022.05.31 14:26:03,1654007163695,XAUUSD,529,0,0,3,0.01,1840.972,0.0,-0.06,0.0,0.0,CAP|131|1
530,2022.06.01 05:16:04,1654060564762,XAUUSD,530,0,0,3,0.01,1830.956,0.0,-0.06,0.0,0.0,CAP|131|2
531,2022.06.01 16:22:29,1654100549677,XAUUSD,528,1,1,5,0.01,1849.477,-1.5,0.0,-4.78,0.0,tp 1849.467
532,2022.06.01 16:22:29,1654100549677,XAUUSD,529,1,1,5,0.01,1849.477,8.51,0.0,-0.53,0.0,tp 1849.467
533,2022.06.01 16:22:29,1654100549677,XAUUSD,530,1,1,5,0.01,1849.477,18.52,0.0,0.0,0.0,tp 1849.467
534,2022.06.01 16:22:30,1654100550323,XAUUSD,534,0,0,3,0.01,1849.643,0.0,-0.06,0.0,0.0,CAP|132|0
535,2022.06.03 00:31:16,1654216276961,XAUUSD,534,1,1,5,0.01,1871.837,22.2,0.0,-2.13,0.0,tp 1871.833
536,2022.06.03 00:31:17,1654216277174,XAUUSD,536,0,0,3,0.01,1871.99,0.0,-0.06,0.0,0.0,CAP|133|0
537,2022.06.03 12:30:03,1654259403750,XAUUSD,537,0,0,3,0.01,1861.982,0.0,-0.06,0.0,0.0,CAP|133|1
538,2022.06.03 15:29:15,1654270155573,XAUUSD,538,0,0,3,0.01,1851.984,0.0,-0.06,0.0,0.0,CAP|133|2
539,2022.06.06 15:11:40,1654528300000,XAUUSD,536,1,1,4,0.01,1842.574,-29.42,0.0,-0.53,0.0,sl 1842.576
540,2022.06.06 15:11:40,1654528300000,XAUUSD,537,1,1,4,0.01,1842.574,-19.41,0.0,-0.53,0.0,sl 1842.576
541,2022.06.06 15:11:40,1654528300000,XAUUSD,538,1,1,4,0.01,1842.574,-9.41,0.0,-0.53,0.0,sl 1842.576
542,2022.06.06 15:11:40,1654528300201,XAUUSD,542,0,0,3,0.01,1842.676,0.0,-0.06,0.0,0.0,CAP|134|0
543,2022.06.10 12:02:26,1654862546491,XAUUSD,543,0,0,3,0.01,1832.674,0.0,-0.06,0.0,0.0,CAP|134|1
544,2022.06.10 14:35:37,1654871737551,XAUUSD,542,1,1,5,0.01,1849.353,6.67,0.0,-3.19,0.0,tp 1849.330
545,2022.06.10 14:35:37,1654871737551,XAUUSD,543,1,1,5,0.01,1849.353,16.68,0.0,0.0,0.0,tp 1849.330
546,2022.06.10 14:35:37,1654871737688,XAUUSD,546,0,0,3,0.01,1849.505,0.0,-0.06,0.0,0.0,CAP|135|0
547,2022.06.10 16:05:41,1654877141739,XAUUSD,546,1,1,5,0.01,1869.577,20.07,0.0,0.0,0.0,tp 1869.565
548,2022.06.12 22:05:00,1655071500001,XAUUSD,548,0,0,3,0.01,1878.232,0.0,-0.06,0.0,0.0,CAP|136|0
549,2022.06.13 01:19:13,1655083153847,XAUUSD,549,0,0,3,0.01,1868.222,0.0,-0.06,0.0,0.0,CAP|136|1
550,2022.06.13 07:42:28,1655106148454,XAUUSD,550,0,0,3,0.01,1858.207,0.0,-0.06,0.0,0.0,CAP|136|2
551,2022.06.13 12:20:05,1655122805331,XAUUSD,548,1,1,3,0.01,1848.282,-29.95,0.0,0.0,0.0,
552,2022.06.13 12:20:05,1655122805332,XAUUSD,549,1,1,3,0.01,1848.282,-19.94,0.0,0.0,0.0,
553,2022.06.13 12:20:05,1655122805333,XAUUSD,550,1,1,3,0.01,1848.282,-9.93,0.0,0.0,0.0,
554,2022.06.13 12:20:05,1655122805445,XAUUSD,554,0,0,3,0.01,1848.41,0.0,-0.06,0.0,0.0,CAP|137|0
555,2022.06.13 13:19:40,1655126380789,XAUUSD,555,0,0,3,0.01,1838.373,0.0,-0.06,0.0,0.0,CAP|137|1
556,2022.06.13 14:03:30,1655129010983,XAUUSD,554,1,1,4,0.01,1828.418,-19.99,0.0,0.0,0.0,sl 1828.422
557,2022.06.13 14:03:30,1655129010983,XAUUSD,555,1,1,4,0.01,1828.418,-9.95,0.0,0.0,0.0,sl 1828.422
558,2022.06.14 00:00:00,1655164800001,XAUUSD,558,0,0,3,0.01,1821.143,0.0,-0.06,0.0,0.0,CAP|138|0
559,2022.06.14 15:47:20,1655221640137,XAUUSD,559,0,0,3,0.01,1811.12,0.0,-0.06,0.0,0.0,CAP|138|1
560,2022.06.15 10:41:37,1655289697931,XAUUSD,558,1,1,5,0.01,1826.735,5.6,0.0,-0.53,0.0,tp 1826.722
561,2022.06.15 10:41:37,1655289697931,XAUUSD,559,1,1,5,0.01,1826.735,15.62,0.0,-0.53,0.0,tp 1826.722
562,2022.06.15 10:41:38,1655289698621,XAUUSD,562,0,0,3,0.01,1826.882,0.0,-0.06,0.0,0.0,CAP|139|0
563,2022.06.15 17:35:37,1655314537827,XAUUSD,563,0,0,3,0.01,1816.868,0.0,-0.06,0.0,0.0,CAP|139|1
564,2022.06.15 18:38:35,1655318315929,XAUUSD,562,1,1,5,0.01,1831.936,5.06,0.0,0.0,0.0,tp 1831.935
565,2022.06.15 18:38:35,1655318315929,XAUUSD,563,1,1,5,0.01,1831.936,15.07,0.0,0.0,0.0,tp 1831.935
566,2022.06.16 00:00:00,1655337600001,XAUUSD,566,0,0,3,0.01,1833.974,0.0,-0.06,0.0,0.0,CAP|140|0
567,2022.06.16 10:09:40,1655374180511,XAUUSD,567,0,0,3,0.01,1823.93,0.0,-0.06,0.0,0.0,CAP|140|1
568,2022.06.16 15:15:36,1655392536436,XAUUSD,566,1,1,3,0.01,1839.011,5.04,0.0,0.0,0.0,
569,2022.06.16 15:15:36,1655392536437,XAUUSD,567,1,1,3,0.01,1839.011,15.08,0.0,0.0,0.0,
570,2022.06.16 15:15:36,1655392536617,XAUUSD,570,0,0,3,0.01,1839.152,0.0,-0.06,0.0,0.0,CAP|141|0
571,2022.06.21 19:36:36,1655840196364,XAUUSD,571,0,0,3,0.01,1829.141,0.0,-0.06,0.0,0.0,CAP|141|1
572,2022.06.22 12:46:39,1655901999403,XAUUSD,570,1,1,5,0.01,1845.539,6.39,0.0,-2.12,0.0,tp 1845.532
573,2022.06.22 12:46:39,1655901999403,XAUUSD,571,1,1,5,0.01,1845.539,16.4,0.0,-0.53,0.0,tp 1845.532
574,2022.06.22 12:46:39,1655901999553,XAUUSD,574,0,0,3,0.01,1845.681,0.0,-0.06,0.0,0.0,CAP|142|0
575,2022.06.22 13:32:04,1655904724441,XAUUSD,575,0,0,3,0.01,1835.68,0.0,-0.06,0.0,0.0,CAP|142|1
576,2022.06.23 11:07:38,1655982458741,XAUUSD,576,0,0,3,0.01,1825.674,0.0,-0.06,0.0,0.0,CAP|142|2
577,2022.06.23 13:52:21,1655992341100,XAUUSD,574,1,1,5,0.01,1843.494,-2.19,0.0,-1.6,0.0,tp 1843.472
578,2022.06.23 13:52:21,1655992341100,XAUUSD,575,1,1,5,0.01,1843.494,7.8100000000000005,0.0,-1.6,0.0,tp 1843.472
579,2022.06.23 13:52:21,1655992341100,XAUUSD,576,1,1,5,0.01,1843.494,17.82,0.0,0.0,0.0,tp 1843.472
580,2022.06.23 13:52:21,1655992341219,XAUUSD,580,0,0,3,0.01,1843.646,0.0,-0.06,0.0,0.0,CAP|143|0
581,2022.06.23 15:37:28,1655998648980,XAUUSD,581,0,0,3,0.01,1833.632,0.0,-0.06,0.0,0.0,CAP|143|1
582,2022.06.23 18:18:38,1656008318288,XAUUSD,582,0,0,3,0.01,1823.633,0.0,-0.06,0.0,0.0,CAP|143|2
583,2022.06.29 08:45:37,1656492337000,XAUUSD,580,1,1,4,0.01,1815.805,-27.84,0.0,-2.12,0.0,sl 1815.817
584,2022.06.29 08:45:37,1656492337000,XAUUSD,581,1,1,4,0.01,1815.805,-17.82,0.0,-2.12,0.0,sl 1815.817
585,2022.06.29 08:45:37,1656492337000,XAUUSD,582,1,1,4,0.01,1815.805,-7.82,0.0,-2.12,0.0,sl 1815.817
586,2022.06.29 08:45:38,1656492338001,XAUUSD,586,0,0,3,0.01,1815.909,0.0,-0.06,0.0,0.0,CAP|144|0
587,2022.06.30 11:38:37,1656589117265,XAUUSD,587,0,0,3,0.01,1805.893,0.0,-0.06,0.0,0.0,CAP|144|1
588,2022.06.30 12:42:37,1656592957742,XAUUSD,586,1,1,5,0.01,1821.77,5.86,0.0,-1.6,0.0,tp 1821.761
589,2022.06.30 12:42:37,1656592957742,XAUUSD,587,1,1,5,0.01,1821.77,15.88,0.0,0.0,0.0,tp 1821.761
590,2022.06.30 12:42:37,1656592957802,XAUUSD,590,0,0,3,0.01,1821.923,0.0,-0.06,0.0,0.0,CAP|145|0
591,2022.06.30 14:31:54,1656599514894,XAUUSD,591,0,0,3,0.01,1811.916,0.0,-0.06,0.0,0.0,CAP|145|1
592,2022.07.01 03:50:22,1656647422315,XAUUSD,592,0,0,3,0.01,1801.916,0.0,-0.06,0.0,0.0,CAP|145|2
593,2022.07.01 07:13:40,1656659620173,XAUUSD,590,1,1,4,0.01,1792.33,-29.59,0.0,-0.53,0.0,sl 1792.332
594,2022.07.01 07:13:40,1656659620173,XAUUSD,591,1,1,4,0.01,1792.33,-19.59,0.0,-0.53,0.0,sl 1792.332
595,2022.07.01 07:13:40,1656659620173,XAUUSD,592,1,1,4,0.01,1792.33,-9.59,0.0,0.0,0.0,sl 1792.332
596,2022.07.01 07:13:40,1656659620435,XAUUSD,596,0,0,3,0.01,1792.557,0.0,-0.06,0.0,0.0,CAP|146|0
597,2022.07.04 02:17:30,1656901050974,XAUUSD,596,1,1,5,0.01,1813.156,20.6,0.0,-0.53,0.0,tp 1813.147
598,2022.07.04 02:17:31,1656901051192,XAUUSD,598,0,0,3,0.01,1813.323,0.0,-0.06,0.0,0.0,CAP|147|0
599,2022.07.05 08:09:38,1657008578226,XAUUSD,599,0,0,3,0.01,1803.318,0.0,-0.06,0.0,0.0,CAP|147|1
600,2022.07.05 13:30:04,1657027804354,XAUUSD,600,0,0,3,0.01,1793.299,0.0,-0.06,0.0,0.0,CAP|147|2
601,2022.07.05 14:00:13,1657029613596,XAUUSD,598,1,1,4,0.01,1783.539,-29.78,0.0,-0.53,0.0,sl 1783.550
602,2022.07.05 14:00:13,1657029613596,XAUUSD,599,1,1,4,0.01,1783.539,-19.78,0.0,0.0,0.0,sl 1783.550
603,2022.07.05 14:00:13,1657029613596,XAUUSD,600,1,1,4,0.01,1783.539,-9.76,0.0,0.0,0.0,sl 1783.550
604,2022.07.05 14:00:13,1657029613646,XAUUSD,604,0,0,3,0.01,1783.646,0.0,-0.06,0.0,0.0,CAP|148|0
605,2022.07.05 14:05:37,1657029937934,XAUUSD,605,0,0,3,0.01,1773.641,0.0,-0.06,0.0,0.0,CAP|148|1
606,2022.07.06 05:39:30,1657085970337,XAUUSD,604,1,1,4,0.01,1763.685,-19.96,0.0,-0.53,0.0,sl 1763.689
607,2022.07.06 05:39:30,1657085970337,XAUUSD,605,1,1,4,0.01,1763.685,-9.95,0.0,-0.53,0.0,sl 1763.689
608,2022.07.06 05:39:30,1657085970675,XAUUSD,608,0,0,3,0.01,1764.061,0.0,-0.06,0.0,0.0,CAP|149|0
609,2022.07.06 14:13:45,1657116825045,XAUUSD,609,0,0,3,0.01,1754.057,0.0,-0.06,0.0,0.0,CAP|149|1
610,2022.07.06 14:58:41,1657119521205,XAUUSD,610,0,0,3,0.01,1744.044,0.0,-0.06,0.0,0.0,CAP|149|2
611,2022.07.06 15:56:39,1657122999166,XAUUSD,608,1,1,4,0.01,1734.426,-29.63,0.0,0.0,0.0,sl 1734.438
612,2022.07.06 15:56:39,1657122999166,XAUUSD,609,1,1,4,0.01,1734.426,-19.63,0.0,0.0,0.0,sl 1734.438
613,2022.07.06 15:56:39,1657122999166,XAUUSD,610,1,1,4,0.01,1734.426,-9.61,0.0,0.0,0.0,sl 1734.438
614,2022.07.07 00:00:00,1657152000001,XAUUSD,614,0,0,3,0.01,1740.152,0.0,-0.06,0.0,0.0,CAP|150|0
615,2022.07.12 01:01:15,1657587675032,XAUUSD,615,0,0,3,0.01,1730.129,0.0,-0.06,0.0,0.0,CAP|150|1
616,2022.07.13 12:33:02,1657715582841,XAUUSD,616,0,0,3,0.01,1720.14,0.0,-0.06,0.0,0.0,CAP|150|2
617,2022.07.13 12:36:15,1657715775191,XAUUSD,614,1,1,4,0.01,1711.073,-29.08,0.0,-2.12,0.0,sl 1711.084
618,2022.07.13 12:36:15,1657715775191,XAUUSD,615,1,1,4,0.01,1711.073,-19.06,0.0,-0.53,0.0,sl 1711.084
619,2022.07.13 12:36:15,1657715775191,XAUUSD,616,1,1,4,0.01,1711.073,-9.07,0.0,0.0,0.0,sl 1711.084
620,2022.07.13 12:36:15,1657715775320,XAUUSD,620,0,0,3,0.01,1711.178,0.0,-0.06,0.0,0.0,CAP|151|0
621,2022.07.13 14:40:27,1657723227044,XAUUSD,620,1,1,5,0.01,1731.238,20.06,0.0,0.0,0.0,tp 1731.238
622,2022.07.13 14:40:27,1657723227193,XAUUSD,622,0,0,3,0.01,1731.375,0.0,-0.06,0.0,0.0,CAP|152|0
623,2022.07.14 06:57:40,1657781860728,XAUUSD,623,0,0,3,0.01,1721.366,0.0,-0.06,0.0,0.0,CAP|152|1
624,2022.07.14 10:59:26,1657796366967,XAUUSD,624,0,0,3,0.01,1711.367,0.0,-0.06,0.0,0.0,CAP|152|2
625,2022.07.14 13:39:32,1657805972051,XAUUSD,622,1,1,4,0.01,1701.953,-29.43,0.0,-1.6,0.0,sl 1701.963
626,2022.07.14 13:39:32,1657805972051,XAUUSD,623,1,1,4,0.01,1701.953,-19.42,0.0,0.0,0.0,sl 1701.963
627,2022.07.14 13:39:32,1657805972051,XAUUSD,624,1,1,4,0.01,1701.953,-9.42,0.0,0.0,0.0,sl 1701.963
628,2022.07.14 13:39:32,1657805972308,XAUUSD,628,0,0,3,0.01,1702.06,0.0,-0.06,0.0,0.0,CAP|153|0
629,2022.07.18 09:30:35,1658136635612,XAUUSD,628,1,1,5,0.01,1723.185,21.13,0.0,-1.06,0.0,tp 1723.180
630,2022.07.18 09:30:36,1658136636001,XAUUSD,630,0,0,3,0.01,1723.339,0.0,-0.06,0.0,0.0,CAP|154|0
631,2022.07.18 11:34:33,1658144073627,XAUUSD,631,0,0,3,0.01,1713.316,0.0,-0.06,0.0,0.0,CAP|154|1
632,2022.07.20 16:46:31,1658335591261,XAUUSD,632,0,0,3,0.01,1703.308,0.0,-0.06,0.0,0.0,CAP|154|2
633,2022.07.20 20:00:30,1658347230909,XAUUSD,630,1,1,4,0.01,1694.069,-29.27,0.0,-1.06,0.0,sl 1694.088
634,2022.07.20 20:00:30,1658347230909,XAUUSD,631,1,1,4,0.01,1694.069,-19.25,0.0,-1.06,0.0,sl 1694.088
635,2022.07.20 20:00:30,1658347230909,XAUUSD,632,1,1,4,0.01,1694.069,-9.24,0.0,0.0,0.0,sl 1694.088
636,2022.07.20 20:00:31,1658347231169,XAUUSD,636,0,0,3,0.01,1694.14,0.0,-0.06,0.0,0.0,CAP|155|0
637,2022.07.21 09:04:05,1658394245700,XAUUSD,637,0,0,3,0.01,1684.12,0.0,-0.06,0.0,0.0,CAP|155|1
638,2022.07.21 12:42:04,1658407324121,XAUUSD,636,1,1,5,0.01,1700.0,5.86,0.0,-1.6,0.0,tp 1699.990
639,2022.07.21 12:42:04,1658407324121,XAUUSD,637,1,1,5,0.01,1700.0,15.88,0.0,0.0,0.0,tp 1699.990
640,2022.07.21 12:42:04,1658407324243,XAUUSD,640,0,0,3,0.01,1700.137,0.0,-0.06,0.0,0.0,CAP|156|0
641,2022.07.21 20:54:33,1658436873000,XAUUSD,640,1,1,5,0.01,1720.213,20.07,0.0,0.0,0.0,tp 1720.197
642,2022.07.22 00:00:00,1658448000001,XAUUSD,642,0,0,3,0.01,1718.208,0.0,-0.06,0.0,0.0,CAP|157|0
643,2022.07.22 14:12:04,1658499124560,XAUUSD,642,1,1,5,0.01,1738.274,20.06,0.0,0.0,0.0,tp 1738.268
644,2022.07.22 14:12:04,1658499124801,XAUUSD,644,0,0,3,0.01,1738.412,0.0,-0.06,0.0,0.0,CAP|158|0
645,2022.07.22 17:00:40,1658509240885,XAUUSD,645,0,0,3,0.01,1728.386,0.0,-0.06,0.0,0.0,CAP|158|1
646,2022.07.25 14:05:20,1658757920426,XAUUSD,646,0,0,3,0.01,1718.384,0.0,-0.06,0.0,0.0,CAP|158|2
647,2022.07.27 18:54:03,1658948043689,XAUUSD,644,1,1,5,0.01,1736.541,-1.87,0.0,-1.5899999999999999,0.0,tp 1736.534
648,2022.07.27 18:54:03,1658948043689,XAUUSD,645,1,1,5,0.01,1736.541,8.15,0.0,-1.5899999999999999,0.0,tp 1736.534
649,2022.07.27 18:54:03,1658948043689,XAUUSD,646,1,1,5,0.01,1736.541,18.16,0.0,-1.06,0.0,tp 1736.534
650,2022.07.27 18:54:03,1658948043851,XAUUSD,650,0,0,3,0.01,1736.678,0.0,-0.06,0.0,0.0,CAP|159|0
651,2022.07.29 03:21:29,1659064889444,XAUUSD,650,1,1,5,0.01,1758.882,22.2,0.0,-2.13,0.0,tp 1758.868
652,2022.07.29 03:21:30,1659064890001,XAUUSD,652,0,0,3,0.01,1759.042,0.0,-0.06,0.0,0.0,CAP|160|0
653,2022.08.02 00:59:26,1659401966666,XAUUSD,652,1,1,5,0.01,1780.176,21.14,0.0,-1.06,0.0,tp 1780.162
654,2022.08.02 00:59:27,1659401967038,XAUUSD,654,0,0,3,0.01,1780.318,0.0,-0.06,0.0,0.0,CAP|161|0
655,2022.08.02 07:36:36,1659425796557,XAUUSD,655,0,0,3,0.01,1770.315,0.0,-0.06,0.0,0.0,CAP|161|1
656,2022.08.02 12:27:39,1659443259911,XAUUSD,654,1,1,5,0.01,1785.385,5.07,0.0,0.0,0.0,tp 1785.377
657,2022.08.02 12:27:39,1659443259911,XAUUSD,655,1,1,5,0.01,1785.385,15.07,0.0,0.0,0.0,tp 1785.377
658,2022.08.03 00:00:00,1659484800001,XAUUSD,658,0,0,3,0.01,1756.832,0.0,-0.06,0.0,0.0,CAP|162|0
659,2022.08.04 09:08:59,1659604139334,XAUUSD,658,1,1,5,0.01,1778.492,21.66,0.0,-1.6,0.0,tp 1778.492
660,2022.08.04 09:09:00,1659604140001,XAUUSD,660,0,0,3,0.01,1778.625,0.0,-0.06,0.0,0.0,CAP|163|0
661,2022.08.05 12:56:30,1659704190193,XAUUSD,661,0,0,3,0.01,1768.618,0.0,-0.06,0.0,0.0,CAP|163|1
662,2022.08.08 12:02:57,1659960177109,XAUUSD,660,1,1,3,0.01,1784.476,5.85,0.0,-1.06,0.0,
663,2022.08.08 12:02:57,1659960177110,XAUUSD,661,1,1,3,0.01,1784.476,15.86,0.0,-0.53,0.0,
664,2022.08.08 12:02:57,1659960177832,XAUUSD,664,0,0,3,0.01,1784.621,0.0,-0.06,0.0,0.0,CAP|164|0
665,2022.08.10 12:31:29,1660134689113,XAUUSD,664,1,1,5,0.01,1805.746,21.13,0.0,-1.06,0.0,tp 1805.741
666,2022.08.10 12:31:29,1660134689165,XAUUSD,666,0,0,3,0.01,1805.879,0.0,-0.06,0.0,0.0,CAP|165|0
667,2022.08.10 13:02:28,1660136548170,XAUUSD,667,0,0,3,0.01,1795.858,0.0,-0.06,0.0,0.0,CAP|165|1
668,2022.08.11 02:04:33,1660183473803,XAUUSD,668,0,0,3,0.01,1785.861,0.0,-0.06,0.0,0.0,CAP|165|2
669,2022.08.15 09:55:37,1660557337083,XAUUSD,666,1,1,4,0.01,1778.051,-27.83,0.0,-2.66,0.0,sl 1778.053
670,2022.08.15 09:55:37,1660557337083,XAUUSD,667,1,1,4,0.01,1778.051,-17.81,0.0,-2.66,0.0,sl 1778.053
671,2022.08.15 09:55:37,1660557337083,XAUUSD,668,1,1,4,0.01,1778.051,-7.8100000000000005,0.0,-1.06,0.0,sl 1778.053
672,2022.08.15 09:55:37,1660557337501,XAUUSD,672,0,0,3,0.01,1778.26,0.0,-0.06,0.0,0.0,CAP|166|0
673,2022.08.17 11:18:41,1660735121274,XAUUSD,673,0,0,3,0.01,1768.256,0.0,-0.06,0.0,0.0,CAP|166|1
674,2022.08.18 15:45:30,1660837530230,XAUUSD,674,0,0,3,0.01,1758.232,0.0,-0.06,0.0,0.0,CAP|166|2
675,2022.08.19 10:05:34,1660903534285,XAUUSD,672,1,1,4,0.01,1750.256,-28.0,0.0,-3.19,0.0,sl 1750.260
676,2022.08.19 10:05:34,1660903534285,XAUUSD,673,1,1,4,0.01,1750.256,-18.0,0.0,-2.13,0.0,sl 1750.260
677,2022.08.19 10:05:34,1660903534285,XAUUSD,674,1,1,4,0.01,1750.256,-7.97,0.0,-0.53,0.0,sl 1750.260
678,2022.08.19 10:05:34,1660903534822,XAUUSD,678,0,0,3,0.01,1750.358,0.0,-0.06,0.0,0.0,CAP|167|0
679,2022.08.22 07:11:12,1661152272858,XAUUSD,679,0,0,3,0.01,1740.336,0.0,-0.06,0.0,0.0,CAP|167|1
680,2022.08.22 12:04:40,1661169880925,XAUUSD,680,0,0,3,0.01,1730.345,0.0,-0.06,0.0,0.0,CAP|167|2
681,2022.08.23 13:49:25,1661262565653,XAUUSD,678,1,1,5,0.01,1747.787,-2.57,0.0,-1.06,0.0,tp 1747.780
682,2022.08.23 13:49:25,1661262565653,XAUUSD,679,1,1,5,0.01,1747.787,7.45,0.0,-0.53,0.0,tp 1747.780
683,2022.08.23 13:49:25,1661262565653,XAUUSD,680,1,1,5,0.01,1747.787,17.44,0.0,-0.53,0.0,tp 1747.780
684,2022.08.23 13:49:25,1661262565796,XAUUSD,684,0,0,3,0.01,1747.925,0.0,-0.06,0.0,0.0,CAP|168|0
685,2022.08.26 15:11:39,1661526699727,XAUUSD,685,0,0,3,0.01,1737.914,0.0,-0.06,0.0,0.0,CAP|168|1
686,2022.08.29 01:24:24,1661736264219,XAUUSD,686,0,0,3,0.01,1727.919,0.0,-0.06,0.0,0.0,CAP|168|2
687,2022.08.31 07:14:26,1661930066000,XAUUSD,684,1,1,4,0.01,1720.254,-27.68,0.0,-4.25,0.0,sl 1720.280
688,2022.08.31 07:14:26,1661930066000,XAUUSD,685,1,1,4,0.01,1720.254,-17.66,0.0,-1.5899999999999999,0.0,sl 1720.280
689,2022.08.31 07:14:26,1661930066000,XAUUSD,686,1,1,4,0.01,1720.254,-7.67,0.0,-1.06,0.0,sl 1720.280
690,2022.08.31 07:14:27,1661930067001,XAUUSD,690,0,0,3,0.01,1720.334,0.0,-0.06,0.0,0.0,CAP|169|0
691,2022.08.31 10:02:12,1661940132955,XAUUSD,691,0,0,3,0.01,1710.331,0.0,-0.06,0.0,0.0,CAP|169|1
692,2022.09.01 10:34:35,1662028475142,XAUUSD,690,1,1,4,0.01,1700.337,-19.99,0.0,-1.6,0.0,sl 1700.348
693,2022.09.01 10:34:35,1662028475142,XAUUSD,691,1,1,4,0.01,1700.337,-9.99,0.0,-1.6,0.0,sl 1700.348
694,2022.09.01 10:34:36,1662028476001,XAUUSD,694,0,0,3,0.01,1700.44,0.0,-0.06,0.0,0.0,CAP|170|0
695,2022.09.01 14:44:37,1662043477029,XAUUSD,695,0,0,3,0.01,1690.439,0.0,-0.06,0.0,0.0,CAP|170|1
696,2022.09.02 09:30:47,1662111047000,XAUUSD,694,1,1,5,0.01,1706.03,5.59,0.0,-0.53,0.0,tp 1706.030
697,2022.09.02 09:30:47,1662111047000,XAUUSD,695,1,1,5,0.01,1706.03,15.59,0.0,-0.53,0.0,tp 1706.030
698,2022.09.02 09:30:48,1662111048001,XAUUSD,698,0,0,3,0.01,1706.165,0.0,-0.06,0.0,0.0,CAP|171|0
699,2022.09.07 00:27:16,1662510436568,XAUUSD,699,0,0,3,0.01,1696.146,0.0,-0.06,0.0,0.0,CAP|171|1
700,2022.09.07 14:32:27,1662561147671,XAUUSD,698,1,1,5,0.01,1712.016,5.85,0.0,-1.5899999999999999,0.0,tp 1712.011
701,2022.09.07 14:32:27,1662561147671,XAUUSD,699,1,1,5,0.01,1712.016,15.87,0.0,0.0,0.0,tp 1712.011
702,2022.09.07 14:32:27,1662561147946,XAUUSD,702,0,0,3,0.01,1712.16,0.0,-0.06,0.0,0.0,CAP|172|0
703,2022.09.12 15:55:36,1662998136170,XAUUSD,702,1,1,5,0.01,1734.884,22.72,0.0,-2.66,0.0,tp 1734.880
704,2022.09.12 15:55:36,1662998136596,XAUUSD,704,0,0,3,0.01,1735.03,0.0,-0.06,0.0,0.0,CAP|173|0
705,2022.09.12 18:30:39,1663007439796,XAUUSD,705,0,0,3,0.01,1725.024,0.0,-0.06,0.0,0.0,CAP|173|1
706,2022.09.13 12:30:41,1663072241598,XAUUSD,706,0,0,3,0.01,1715.029,0.0,-0.06,0.0,0.0,CAP|173|2
707,2022.09.13 12:51:42,1663073502202,XAUUSD,704,1,1,4,0.01,1705.426,-29.6,0.0,-0.53,0.0,sl 1705.441
708,2022.09.13 12:51:42,1663073502202,XAUUSD,705,1,1,4,0.01,1705.426,-19.59,0.0,-0.53,0.0,sl 1705.441
709,2022.09.13 12:51:42,1663073502202,XAUUSD,706,1,1,4,0.01,1705.426,-9.6,0.0,0.0,0.0,sl 1705.441
710,2022.09.13 12:51:42,1663073502338,XAUUSD,710,0,0,3,0.01,1705.53,0.0,-0.06,0.0,0.0,CAP|174|0
711,2022.09.14 18:58:29,1663181909001,XAUUSD,711,0,0,3,0.01,1695.525,0.0,-0.06,0.0,0.0,CAP|174|1
712,2022.09.15 11:09:19,1663240159915,XAUUSD,712,0,0,3,0.01,1685.518,0.0,-0.06,0.0,0.0,CAP|174|2
713,2022.09.15 14:49:29,1663253369379,XAUUSD,710,1,1,4,0.01,1676.815,-28.71,0.0,-2.13,0.0,sl 1676.828
714,2022.09.15 14:49:29,1663253369379,XAUUSD,711,1,1,4,0.01,1676.815,-18.71,0.0,-1.6,0.0,sl 1676.828
715,2022.09.15 14:49:29,1663253369379,XAUUSD,712,1,1,4,0.01,1676.815,-8.7,0.0,0.0,0.0,sl 1676.828
716,2022.09.15 14:49:29,1663253369518,XAUUSD,716,0,0,3,0.01,1676.915,0.0,-0.06,0.0,0.0,CAP|175|0
717,2022.09.15 14:56:31,1663253791373,XAUUSD,717,0,0,3,0.01,1666.894,0.0,-0.06,0.0,0.0,CAP|175|1
718,2022.09.16 07:50:30,1663314630000,XAUUSD,716,1,1,4,0.01,1656.901,-20.02,0.0,-0.53,0.0,sl 1656.920
719,2022.09.16 07:50:30,1663314630000,XAUUSD,717,1,1,4,0.01,1656.901,-9.99,0.0,-0.53,0.0,sl 1656.920
720,2022.09.16 07:50:30,1663314630509,XAUUSD,720,0,0,3,0.01,1657.325,0.0,-0.06,0.0,0.0,CAP|176|0
721,2022.09.16 14:30:00,1663338600000,XAUUSD,720,1,1,5,0.01,1677.396,20.07,0.0,0.0,0.0,tp 1677.385
722,2022.09.16 14:30:00,1663338600241,XAUUSD,722,0,0,3,0.01,1677.519,0.0,-0.06,0.0,0.0,CAP|177|0
723,2022.09.19 04:11:10,1663560670001,XAUUSD,723,0,0,3,0.01,1667.518,0.0,-0.06,0.0,0.0,CAP|177|1
724,2022.09.21 18:05:16,1663783516307,XAUUSD,724,0,0,3,0.01,1657.512,0.0,-0.06,0.0,0.0,CAP|177|2
725,2022.09.21 18:34:20,1663785260923,XAUUSD,722,1,1,5,0.01,1675.132,-2.39,0.0,-1.5899999999999999,0.0,tp 1675.127
726,2022.09.21 18:34:20,1663785260923,XAUUSD,723,1,1,5,0.01,1675.132,7.61,0.0,-1.06,0.0,tp 1675.127
727,2022.09.21 18:34:20,1663785260923,XAUUSD,724,1,1,5,0.01,1675.132,17.62,0.0,0.0,0.0,tp 1675.127
728,2022.09.21 18:34:20,1663785260960,XAUUSD,728,0,0,3,0.01,1675.392,0.0,-0.06,0.0,0.0,CAP|178|0
729,2022.09.22 00:02:31,1663804951140,XAUUSD,729,0,0,3,0.01,1665.392,0.0,-0.06,0.0,0.0,CAP|178|1
730,2022.09.22 12:36:42,1663850202352,XAUUSD,728,1,1,5,0.01,1681.265,5.88,0.0,-1.6,0.0,tp 1681.252
731,2022.09.22 12:36:42,1663850202352,XAUUSD,729,1,1,5,0.01,1681.265,15.88,0.0,0.0,0.0,tp 1681.252
732,2022.09.22 12:36:42,1663850202484,XAUUSD,732,0,0,3,0.01,1681.417,0.0,-0.06,0.0,0.0,CAP|179|0
733,2022.09.22 14:00:41,1663855241323,XAUUSD,733,0,0,3,0.01,1671.393,0.0,-0.06,0.0,0.0,CAP|179|1
734,2022.09.23 08:56:26,1663923386512,XAUUSD,734,0,0,3,0.01,1661.417,0.0,-0.06,0.0,0.0,CAP|179|2
735,2022.09.23 10:45:28,1663929928925,XAUUSD,732,1,1,4,0.01,1651.816,-29.6,0.0,-0.53,0.0,sl 1651.823
736,2022.09.23 10:45:28,1663929928925,XAUUSD,733,1,1,4,0.01,1651.816,-19.57,0.0,-0.53,0.0,sl 1651.823
737,2022.09.23 10:45:28,1663929928925,XAUUSD,734,1,1,4,0.01,1651.816,-9.6,0.0,0.0,0.0,sl 1651.823
738,2022.09.23 10:45:29,1663929929091,XAUUSD,738,0,0,3,0.01,1651.894,0.0,-0.06,0.0,0.0,CAP|180|0
739,2022.09.23 10:58:04,1663930684801,XAUUSD,739,0,0,3,0.01,1641.88,0.0,-0.06,0.0,0.0,CAP|180|1
740,2022.09.23 13:10:38,1663938638571,XAUUSD,738,1,1,5,0.01,1656.951,5.06,0.0,0.0,0.0,tp 1656.947
741,2022.09.23 13:10:38,1663938638571,XAUUSD,739,1,1,5,0.01,1656.951,15.07,0.0,0.0,0.0,tp 1656.947
742,2022.09.23 13:10:38,1663938638715,XAUUSD,742,0,0,3,0.01,1657.224,0.0,-0.06,0.0,0.0,CAP|181|0
743,2022.09.23 13:45:12,1663940712029,XAUUSD,743,0,0,3,0.01,1647.223,0.0,-0.06,0.0,0.0,CAP|181|1
744,2022.09.26 00:57:01,1664153821050,XAUUSD,744,0,0,3,0.01,1637.205,0.0,-0.06,0.0,0.0,CAP|181|2
745,2022.09.26 00:59:40,1664153980344,XAUUSD,742,1,1,4,0.01,1627.626,-29.59,0.0,-0.53,0.0,sl 1627.631
746,2022.09.26 00:59:40,1664153980344,XAUUSD,743,1,1,4,0.01,1627.626,-19.59,0.0,-0.53,0.0,sl 1627.631
747,2022.09.26 00:59:40,1664153980344,XAUUSD,744,1,1,4,0.01,1627.626,-9.58,0.0,0.0,0.0,sl 1627.631
748,2022.09.26 00:59:40,1664153980400,XAUUSD,748,0,0,3,0.01,1628.131,0.0,-0.06,0.0,0.0,CAP|182|0
749,2022.09.26 07:28:37,1664177317377,XAUUSD,748,1,1,5,0.01,1648.196,20.07,0.0,0.0,0.0,tp 1648.191
750,2022.09.26 07:28:37,1664177317705,XAUUSD,750,0,0,3,0.01,1648.47,0.0,-0.06,0.0,0.0,CAP|183|0
751,2022.09.26 10:13:28,1664187208616,XAUUSD,751,0,0,3,0.01,1638.454,0.0,-0.06,0.0,0.0,CAP|183|1
752,2022.09.26 16:34:27,1664210067790,XAUUSD,752,0,0,3,0.01,1628.465,0.0,-0.06,0.0,0.0,CAP|183|2
753,2022.09.26 17:35:41,1664213741167,XAUUSD,750,1,1,4,0.01,1621.79,-26.68,0.0,0.0,0.0,sl 1621.813
754,2022.09.26 17:35:41,1664213741167,XAUUSD,751,1,1,4,0.01,1621.79,-16.66,0.0,0.0,0.0,sl 1621.813
755,2022.09.26 17:35:41,1664213741167,XAUUSD,752,1,1,4,0.01,1621.79,-6.68,0.0,0.0,0.0,sl 1621.813
756,2022.09.27 00:00:00,1664236800001,XAUUSD,756,0,0,3,0.01,1627.799,0.0,-0.06,0.0,0.0,CAP|184|0
757,2022.09.28 07:22:17,1664349737570,XAUUSD,757,0,0,3,0.01,1617.775,0.0,-0.06,0.0,0.0,CAP|184|1
758,2022.09.28 12:20:05,1664367605480,XAUUSD,756,1,1,5,0.01,1633.125,5.33,0.0,-0.53,0.0,tp 1633.112
759,2022.09.28 12:20:05,1664367605480,XAUUSD,757,1,1,5,0.01,1633.125,15.35,0.0,0.0,0.0,tp 1633.112
760,2022.09.28 12:20:05,1664367605621,XAUUSD,760,0,0,3,0.01,1633.271,0.0,-0.06,0.0,0.0,CAP|185|0
761,2022.09.28 14:07:26,1664374046163,XAUUSD,760,1,1,5,0.01,1653.334,20.06,0.0,0.0,0.0,tp 1653.331
762,2022.09.29 00:00:00,1664409600001,XAUUSD,762,0,0,3,0.01,1656.31,0.0,-0.06,0.0,0.0,CAP|186|0
763,2022.09.29 05:39:41,1664429981168,XAUUSD,763,0,0,3,0.01,1646.28,0.0,-0.06,0.0,0.0,CAP|186|1
764,2022.09.29 15:54:56,1664466896635,XAUUSD,762,1,1,5,0.01,1661.355,5.05,0.0,0.0,0.0,tp 1661.355
765,2022.09.29 15:54:56,1664466896635,XAUUSD,763,1,1,5,0.01,1661.355,15.08,0.0,0.0,0.0,tp 1661.355
766,2022.09.29 15:54:57,1664466897197,XAUUSD,766,0,0,3,0.01,1661.491,0.0,-0.06,0.0,0.0,CAP|187|0
767,2022.10.03 14:22:41,1664806961373,XAUUSD,766,1,1,5,0.01,1682.613,21.12,0.0,-1.06,0.0,tp 1682.611
768,2022.10.03 14:22:41,1664806961539,XAUUSD,768,0,0,3,0.01,1682.767,0.0,-0.06,0.0,0.0,CAP|188|0
769,2022.10.04 05:53:26,1664862806456,XAUUSD,768,1,1,5,0.01,1703.365,20.6,0.0,-0.53,0.0,tp 1703.357
770,2022.10.04 05:53:26,1664862806930,XAUUSD,770,0,0,3,0.01,1703.845,0.0,-0.06,0.0,0.0,CAP|189|0
771,2022.10.04 15:09:39,1664896179661,XAUUSD,770,1,1,5,0.01,1723.914,20.06,0.0,0.0,0.0,tp 1723.905
772,2022.10.05 00:00:00,1664928000001,XAUUSD,772,0,0,3,0.01,1725.724,0.0,-0.06,0.0,0.0,CAP|190|0
773,2022.10.05 07:55:26,1664956526747,XAUUSD,773,0,0,3,0.01,1715.688,0.0,-0.06,0.0,0.0,CAP|190|1
774,2022.10.05 10:14:03,1664964843751,XAUUSD,774,0,0,3,0.01,1705.714,0.0,-0.06,0.0,0.0,CAP|190|2
775,2022.10.06 03:14:15,1665026055750,XAUUSD,772,1,1,5,0.01,1724.049,-1.67,0.0,-1.6,0.0,tp 1724.036
776,2022.10.06 03:14:15,1665026055750,XAUUSD,773,1,1,5,0.01,1724.049,8.36,0.0,-1.6,0.0,tp 1724.036
777,2022.10.06 03:14:15,1665026055750,XAUUSD,774,1,1,5,0.01,1724.049,18.34,0.0,-1.6,0.0,tp 1724.036
778,2022.10.06 03:14:16,1665026056501,XAUUSD,778,0,0,3,0.01,1724.173,0.0,-0.06,0.0,0.0,CAP|191|0
779,2022.10.06 08:59:02,1665046742728,XAUUSD,779,0,0,3,0.01,1714.168,0.0,-0.06,0.0,0.0,CAP|191|1
780,2022.10.07 12:30:38,1665145838462,XAUUSD,780,0,0,3,0.01,1704.133,0.0,-0.06,0.0,0.0,CAP|191|2
781,2022.10.07 12:50:04,1665147004671,XAUUSD,778,1,1,3,0.01,1694.574,-29.6,0.0,-0.53,0.0,
782,2022.10.07 12:50:04,1665147004672,XAUUSD,779,1,1,3,0.01,1694.574,-19.6,0.0,-0.53,0.0,
783,2022.10.07 12:50:04,1665147004673,XAUUSD,780,1,1,3,0.01,1694.574,-9.56,0.0,0.0,0.0,
784,2022.10.07 12:50:04,1665147004772,XAUUSD,784,0,0,3,0.01,1694.685,0.0,-0.06,0.0,0.0,CAP|192|0
785,2022.10.10 07:44:31,1665387871182,XAUUSD,785,0,0,3,0.01,1684.673,0.0,-0.06,0.0,0.0,CAP|192|1
786,2022.10.10 11:42:40,1665402160322,XAUUSD,786,0,0,3,0.01,1674.65,0.0,-0.06,0.0,0.0,CAP|192|2
787,2022.10.11 02:11:31,1665454291384,XAUUSD,784,1,1,4,0.01,1665.417,-29.27,0.0,-1.06,0.0,sl 1665.436
788,2022.10.11 02:11:31,1665454291384,XAUUSD,785,1,1,4,0.01,1665.417,-19.25,0.0,-0.53,0.0,sl 1665.436
789,2022.10.11 02:11:31,1665454291384,XAUUSD,786,1,1,4,0.01,1665.417,-9.23,0.0,-0.53,0.0,sl 1665.436
790,2022.10.11 02:11:31,1665454291693,XAUUSD,790,0,0,3,0.01,1665.543,0.0,-0.06,0.0,0.0,CAP|193|0
791,2022.10.13 12:30:37,1665664237835,XAUUSD,791,0,0,3,0.01,1655.521,0.0,-0.06,0.0,0.0,CAP|193|1
792,2022.10.13 12:46:42,1665665202061,XAUUSD,792,0,0,3,0.01,1645.534,0.0,-0.06,0.0,0.0,CAP|193|2
793,2022.10.13 15:35:37,1665675337956,XAUUSD,790,1,1,5,0.01,1662.994,-2.55,0.0,-2.13,0.0,tp 1662.970
794,2022.10.13 15:35:37,1665675337956,XAUUSD,791,1,1,5,0.01,1662.994,7.47,0.0,0.0,0.0,tp 1662.970
795,2022.10.13 15:35:37,1665675337956,XAUUSD,792,1,1,5,0.01,1662.994,17.46,0.0,0.0,0.0,tp 1662.970
796,2022.10.13 15:35:38,1665675338103,XAUUSD,796,0,0,3,0.01,1663.147,0.0,-0.06,0.0,0.0,CAP|194|0
797,2022.10.14 09:33:28,1665740008873,XAUUSD,797,0,0,3,0.01,1653.117,0.0,-0.06,0.0,0.0,CAP|194|1
798,2022.10.14 16:09:31,1665763771319,XAUUSD,798,0,0,3,0.01,1643.141,0.0,-0.06,0.0,0.0,CAP|194|2
799,2022.10.17 10:10:14,1666001414371,XAUUSD,796,1,1,5,0.01,1660.584,-2.57,0.0,-1.06,0.0,tp 1660.569
800,2022.10.17 10:10:14,1666001414371,XAUUSD,797,1,1,5,0.01,1660.584,7.46,0.0,-0.53,0.0,tp 1660.569
801,2022.10.17 10:10:14,1666001414371,XAUUSD,798,1,1,5,0.01,1660.584,17.44,0.0,-0.53,0.0,tp 1660.569
802,2022.10.17 10:10:14,1666001414731,XAUUSD,802,0,0,3,0.01,1660.736,0.0,-0.06,0.0,0.0,CAP|195|0
803,2022.10.17 18:48:04,1666032484001,XAUUSD,803,0,0,3,0.01,1650.702,0.0,-0.06,0.0,0.0,CAP|195|1
804,2022.10.19 06:55:40,1666162540158,XAUUSD,804,0,0,3,0.01,1640.706,0.0,-0.06,0.0,0.0,CAP|195|2
805,2022.10.19 12:22:20,1666182140939,XAUUSD,802,1,1,4,0.01,1631.478,-29.26,0.0,-1.06,0.0,sl 1631.482
806,2022.10.19 12:22:20,1666182140939,XAUUSD,803,1,1,4,0.01,1631.478,-19.22,0.0,-1.06,0.0,sl 1631.482
807,2022.10.19 12:22:20,1666182140939,XAUUSD,804,1,1,4,0.01,1631.478,-9.23,0.0,0.0,0.0,sl 1631.482
808,2022.10.19 12:22:21,1666182141343,XAUUSD,808,0,0,3,0.01,1631.604,0.0,-0.06,0.0,0.0,CAP|196|0
809,2022.10.21 03:43:54,1666323834055,XAUUSD,809,0,0,3,0.01,1621.592,0.0,-0.06,0.0,0.0,CAP|196|1
810,2022.10.21 13:36:28,1666359388398,XAUUSD,808,1,1,5,0.01,1637.729,6.13,0.0,-2.13,0.0,tp 1637.723
811,2022.10.21 13:36:28,1666359388398,XAUUSD,809,1,1,5,0.01,1637.729,16.14,0.0,0.0,0.0,tp 1637.723
812,2022.10.21 13:36:28,1666359388506,XAUUSD,812,0,0,3,0.01,1637.869,0.0,-0.06,0.0,0.0,CAP|197|0
813,2022.10.21 20:54:38,1666385678684,XAUUSD,812,1,1,5,0.01,1657.948,20.08,0.0,0.0,0.0,tp 1657.929
814,2022.10.23 22:05:00,1666562700001,XAUUSD,814,0,0,3,0.01,1660.137,0.0,-0.06,0.0,0.0,CAP|198|0
815,2022.10.24 07:25:03,1666596303226,XAUUSD,815,0,0,3,0.01,1650.129,0.0,-0.06,0.0,0.0,CAP|198|1
816,2022.10.25 09:46:34,1666691194957,XAUUSD,816,0,0,3,0.01,1640.13,0.0,-0.06,0.0,0.0,CAP|198|2
817,2022.10.25 13:37:16,1666705036275,XAUUSD,814,1,1,5,0.01,1657.213,-2.93,0.0,-0.53,0.0,tp 1657.212
818,2022.10.25 13:37:16,1666705036275,XAUUSD,815,1,1,5,0.01,1657.213,7.08,0.0,-0.53,0.0,tp 1657.212
819,2022.10.25 13:37:16,1666705036275,XAUUSD,816,1,1,5,0.01,1657.213,17.08,0.0,0.0,0.0,tp 1657.212
820,2022.10.25 13:37:16,1666705036519,XAUUSD,820,0,0,3,0.01,1657.346,0.0,-0.06,0.0,0.0,CAP|199|0
821,2022.10.28 09:16:02,1666948562838,XAUUSD,821,0,0,3,0.01,1647.333,0.0,-0.06,0.0,0.0,CAP|199|1
822,2022.10.31 08:30:14,1667205014501,XAUUSD,822,0,0,3,0.01,1637.332,0.0,-0.06,0.0,0.0,CAP|199|2
823,2022.11.01 12:17:36,1667305056428,XAUUSD,820,1,1,5,0.01,1655.835,-1.51,0.0,-3.7199999999999998,0.0,tp 1655.834
824,2022.11.01 12:17:36,1667305056428,XAUUSD,821,1,1,5,0.01,1655.835,8.51,0.0,-1.06,0.0,tp 1655.834
825,2022.11.01 12:17:36,1667305056428,XAUUSD,822,1,1,5,0.01,1655.835,18.51,0.0,-0.53,0.0,tp 1655.834
826,2022.11.01 12:17:36,1667305056858,XAUUSD,826,0,0,3,0.01,1655.988,0.0,-0.06,0.0,0.0,CAP|200|0
827,2022.11.01 14:00:37,1667311237811,XAUUSD,827,0,0,3,0.01,1645.961,0.0,-0.06,0.0,0.0,CAP|200|1
828,2022.11.02 18:05:02,1667412302566,XAUUSD,826,1,1,3,0.01,1661.564,5.57,0.0,-0.53,0.0,
829,2022.11.02 18:05:02,1667412302567,XAUUSD,827,1,1,3,0.01,1661.564,15.6,0.0,-0.53,0.0,
830,2022.11.02 18:05:02,1667412302649,XAUUSD,830,0,0,3,0.01,1661.704,0.0,-0.06,0.0,0.0,CAP|201|0
831,2022.11.02 18:50:29,1667415029860,XAUUSD,831,0,0,3,0.01,1651.687,0.0,-0.06,0.0,0.0,CAP|201|1
832,2022.11.02 19:20:18,1667416818297,XAUUSD,832,0,0,3,0.01,1641.692,0.0,-0.06,0.0,0.0,CAP|201|2
833,2022.11.03 00:01:38,1667433698571,XAUUSD,830,1,1,4,0.01,1633.35,-28.35,0.0,-1.6,0.0,sl 1633.355
834,2022.11.03 00:01:38,1667433698571,XAUUSD,831,1,1,4,0.01,1633.35,-18.34,0.0,-1.6,0.0,sl 1633.355
835,2022.11.03 00:01:38,1667433698571,XAUUSD,832,1,1,4,0.01,1633.35,-8.34,0.0,-1.6,0.0,sl 1633.355
836,2022.11.03 00:01:39,1667433699429,XAUUSD,836,0,0,3,0.01,1633.443,0.0,-0.06,0.0,0.0,CAP|202|0
837,2022.11.03 09:17:05,1667467025218,XAUUSD,837,0,0,3,0.01,1623.439,0.0,-0.06,0.0,0.0,CAP|202|1
838,2022.11.04 03:20:29,1667532029532,XAUUSD,836,1,1,3,0.01,1639.03,5.59,0.0,-0.53,0.0,
839,2022.11.04 03:20:29,1667532029533,XAUUSD,837,1,1,3,0.01,1639.03,15.59,0.0,-0.53,0.0,
840,2022.11.04 03:20:30,1667532030001,XAUUSD,840,0,0,3,0.01,1639.173,0.0,-0.06,0.0,0.0,CAP|203|0
841,2022.11.04 12:47:42,1667566062700,XAUUSD,840,1,1,5,0.01,1659.234,20.06,0.0,0.0,0.0,tp 1659.233
842,2022.11.06 23:05:00,1667775900001,XAUUSD,842,0,0,3,0.01,1675.33,0.0,-0.06,0.0,0.0,CAP|204|0
843,2022.11.08 09:03:26,1667898206038,XAUUSD,843,0,0,3,0.01,1665.308,0.0,-0.06,0.0,0.0,CAP|204|1
844,2022.11.08 15:08:17,1667920097685,XAUUSD,842,1,1,5,0.01,1680.679,5.35,0.0,-0.53,0.0,tp 1680.644
845,2022.11.08 15:08:17,1667920097685,XAUUSD,843,1,1,5,0.01,1680.679,15.37,0.0,0.0,0.0,tp 1680.644
846,2022.11.08 15:08:17,1667920097852,XAUUSD,846,0,0,3,0.01,1680.851,0.0,-0.06,0.0,0.0,CAP|205|0
847,2022.11.08 15:16:28,1667920588995,XAUUSD,846,1,1,5,0.01,1700.914,20.06,0.0,0.0,0.0,tp 1700.911
848,2022.11.09 00:00:00,1667952000001,XAUUSD,848,0,0,3,0.01,1711.745,0.0,-0.06,0.0,0.0,CAP|206|0
849,2022.11.10 13:31:02,1668087062765,XAUUSD,848,1,1,5,0.01,1733.412,21.66,0.0,-1.6,0.0,tp 1733.405
850,2022.11.10 13:31:02,1668087062886,XAUUSD,850,0,0,3,0.01,1733.876,0.0,-0.06,0.0,0.0,CAP|207|0
851,2022.11.10 19:47:05,1668109625052,XAUUSD,850,1,1,5,0.01,1753.945,20.07,0.0,0.0,0.0,tp 1753.936
852,2022.11.11 00:00:00,1668124800001,XAUUSD,852,0,0,3,0.01,1752.354,0.0,-0.06,0.0,0.0,CAP|208|0
853,2022.11.13 23:05:00,1668380700001,XAUUSD,852,1,1,3,0.01,1763.525,11.18,0.0,-0.53,0.0,
854,2022.11.13 23:05:00,1668380700429,XAUUSD,854,0,0,3,0.01,1763.611,0.0,-0.06,0.0,0.0,CAP|209|0
855,2022.11.14 11:47:39,1668426459253,XAUUSD,855,0,0,3,0.01,1753.598,0.0,-0.06,0.0,0.0,CAP|209|1
856,2022.11.14 14:55:15,1668437715999,XAUUSD,854,1,1,5,0.01,1768.665,5.06,0.0,0.0,0.0,tp 1768.665
857,2022.11.14 14:55:15,1668437715999,XAUUSD,855,1,1,5,0.01,1768.665,15.07,0.0,0.0,0.0,tp 1768.665
858,2022.11.14 14:55:16,1668437716364,XAUUSD,858,0,0,3,0.01,1768.804,0.0,-0.06,0.0,0.0,CAP|210|0
859,2022.11.17 13:05:15,1668690315273,XAUUSD,859,0,0,3,0.01,1758.793,0.0,-0.06,0.0,0.0,CAP|210|1
860,2022.11.18 19:09:03,1668798543583,XAUUSD,860,0,0,3,0.01,1748.786,0.0,-0.06,0.0,0.0,CAP|210|2
861,2022.11.21 08:43:15,1669020195001,XAUUSD,858,1,1,3,0.01,1740.626,-28.17,0.0,-3.7199999999999998,0.0,
862,2022.11.21 08:43:15,1669020195002,XAUUSD,859,1,1,3,0.01,1740.626,-18.16,0.0,-1.06,0.0,
863,2022.11.21 08:43:15,1669020195003,XAUUSD,860,1,1,3,0.01,1740.626,-8.16,0.0,-0.53,0.0,
864,2022.11.21 08:43:15,1669020195653,XAUUSD,864,0,0,3,0.01,1740.742,0.0,-0.06,0.0,0.0,CAP|211|0
865,2022.11.23 13:30:03,1669210203501,XAUUSD,865,0,0,3,0.01,1730.634,0.0,-0.06,0.0,0.0,CAP|211|1
866,2022.11.23 14:52:30,1669215150279,XAUUSD,864,1,1,5,0.01,1746.303,5.5600000000000005,0.0,-1.06,0.0,tp 1746.278
867,2022.11.23 14:52:30,1669215150279,XAUUSD,865,1,1,5,0.01,1746.303,15.67,0.0,0.0,0.0,tp 1746.278
868,2022.11.23 14:52:30,1669215150419,XAUUSD,868,0,0,3,0.01,1746.456,0.0,-0.06,0.0,0.0,CAP|212|0
869,2022.11.30 23:05:12,1669849512197,XAUUSD,868,1,1,5,0.01,1770.25,23.79,0.0,-3.7199999999999998,0.0,tp 1770.236
870,2022.11.30 23:05:12,1669849512528,XAUUSD,870,0,0,3,0.01,1770.391,0.0,-0.06,0.0,0.0,CAP|213|0
871,2022.12.01 13:56:40,1669903000714,XAUUSD,870,1,1,5,0.01,1792.082,21.69,0.0,-1.6,0.0,tp 1792.051
872,2022.12.01 13:56:41,1669903001021,XAUUSD,872,0,0,3,0.01,1792.241,0.0,-0.06,0.0,0.0,CAP|214|0
873,2022.12.02 13:43:38,1669988618954,XAUUSD,873,0,0,3,0.01,1782.222,0.0,-0.06,0.0,0.0,CAP|214|1
874,2022.12.02 17:13:58,1670001238182,XAUUSD,872,1,1,3,0.01,1797.556,5.32,0.0,-0.53,0.0,
875,2022.12.02 17:13:58,1670001238183,XAUUSD,873,1,1,3,0.01,1797.556,15.34,0.0,0.0,0.0,
876,2022.12.02 17:13:59,1670001239789,XAUUSD,876,0,0,3,0.01,1797.688,0.0,-0.06,0.0,0.0,CAP|215|0
877,2022.12.05 14:39:39,1670251179064,XAUUSD,877,0,0,3,0.01,1787.663,0.0,-0.06,0.0,0.0,CAP|215|1
878,2022.12.05 15:01:28,1670252488414,XAUUSD,878,0,0,3,0.01,1777.674,0.0,-0.06,0.0,0.0,CAP|215|2
879,2022.12.05 18:45:33,1670265933947,XAUUSD,876,1,1,4,0.01,1767.898,-29.79,0.0,-0.53,0.0,sl 1767.912
880,2022.12.05 18:45:33,1670265933947,XAUUSD,877,1,1,4,0.01,1767.898,-19.76,0.0,0.0,0.0,sl 1767.912
881,2022.12.05 18:45:33,1670265933947,XAUUSD,878,1,1,4,0.01,1767.898,-9.77,0.0,0.0,0.0,sl 1767.912
882,2022.12.05 18:45:34,1670265934737,XAUUSD,882,0,0,3,0.01,1767.997,0.0,-0.06,0.0,0.0,CAP|216|0
883,2022.12.07 18:49:26,1670438966024,XAUUSD,882,1,1,5,0.01,1789.143,21.14,0.0,-1.06,0.0,tp 1789.117
884,2022.12.07 18:49:26,1670438966747,XAUUSD,884,0,0,3,0.01,1789.299,0.0,-0.06,0.0,0.0,CAP|217|0
885,2022.12.12 19:07:12,1670872032329,XAUUSD,885,0,0,3,0.01,1779.284,0.0,-0.06,0.0,0.0,CAP|217|1
886,2022.12.13 13:30:20,1670938220423,XAUUSD,884,1,1,5,0.01,1796.263,6.96,0.0,-3.19,0.0,tp 1796.212
887,2022.12.13 13:30:20,1670938220423,XAUUSD,885,1,1,5,0.01,1796.263,16.98,0.0,-0.53,0.0,tp 1796.212
888,2022.12.13 13:30:20,1670938220539,XAUUSD,888,0,0,3,0.01,1796.877,0.0,-0.06,0.0,0.0,CAP|218|0
889,2022.12.13 14:13:37,1670940817207,XAUUSD,888,1,1,5,0.01,1816.947,20.07,0.0,0.0,0.0,tp 1816.937
890,2022.12.14 00:00:00,1670976000001,XAUUSD,890,0,0,3,0.01,1809.748,0.0,-0.06,0.0,0.0,CAP|219|0
891,2022.12.14 19:00:29,1671044429140,XAUUSD,891,0,0,3,0.01,1799.729,0.0,-0.06,0.0,0.0,CAP|219|1
892,2022.12.15 04:36:15,1671078975484,XAUUSD,892,0,0,3,0.01,1789.741,0.0,-0.06,0.0,0.0,CAP|219|2
893,2022.12.15 08:14:41,1671092081510,XAUUSD,890,1,1,4,0.01,1780.861,-28.89,0.0,-1.6,0.0,sl 1780.866
894,2022.12.15 08:14:41,1671092081510,XAUUSD,891,1,1,4,0.01,1780.861,-18.87,0.0,-1.6,0.0,sl 1780.866
895,2022.12.15 08:14:41,1671092081510,XAUUSD,892,1,1,4,0.01,1780.861,-8.88,0.0,0.0,0.0,sl 1780.866
896,2022.12.15 08:14:41,1671092081631,XAUUSD,896,0,0,3,0.01,1780.947,0.0,-0.06,0.0,0.0,CAP|220|0
897,2022.12.20 08:46:38,1671525998823,XAUUSD,896,1,1,5,0.01,1802.602,21.65,0.0,-1.5899999999999999,0.0,tp 1802.597
898,2022.12.20 08:46:39,1671525999118,XAUUSD,898,0,0,3,0.01,1802.751,0.0,-0.06,0.0,0.0,CAP|221|0
899,2022.12.21 15:39:29,1671637169830,XAUUSD,898,1,1,5,0.01,1823.342,20.59,0.0,-0.53,0.0,tp 1823.341
900,2022.12.21 15:39:30,1671637170170,XAUUSD,900,0,0,3,0.01,1823.494,0.0,-0.06,0.0,0.0,CAP|222|0
901,2022.12.21 20:03:37,1671653017378,XAUUSD,901,0,0,3,0.01,1813.482,0.0,-0.06,0.0,0.0,CAP|222|1
902,2022.12.22 14:28:17,1671719297648,XAUUSD,902,0,0,3,0.01,1803.494,0.0,-0.06,0.0,0.0,CAP|222|2
903,2022.12.22 15:46:39,1671723999310,XAUUSD,900,1,1,4,0.01,1794.601,-28.89,0.0,-1.6,0.0,sl 1794.617
904,2022.12.22 15:46:39,1671723999310,XAUUSD,901,1,1,4,0.01,1794.601,-18.88,0.0,-1.6,0.0,sl 1794.617
905,2022.12.22 15:46:39,1671723999310,XAUUSD,902,1,1,4,0.01,1794.601,-8.89,0.0,0.0,0.0,sl 1794.617
906,2022.12.22 15:46:39,1671723999828,XAUUSD,906,0,0,3,0.01,1794.704,0.0,-0.06,0.0,0.0,CAP|223|0
907,2022.12.27 15:20:27,1672154427931,XAUUSD,906,1,1,5,0.01,1816.354,21.65,0.0,-1.5899999999999999,0.0,tp 1816.354
908,2022.12.27 15:20:28,1672154428449,XAUUSD,908,0,0,3,0.01,1816.496,0.0,-0.06,0.0,0.0,CAP|224|0
909,2022.12.28 08:14:35,1672215275193,XAUUSD,909,0,0,3,0.01,1806.483,0.0,-0.06,0.0,0.0,CAP|224|1
910,2022.12.30 14:06:54,1672409214705,XAUUSD,908,1,1,5,0.01,1823.951,7.45,0.0,-2.66,0.0,tp 1823.945
911,2022.12.30 14:06:54,1672409214705,XAUUSD,909,1,1,5,0.01,1823.951,17.47,0.0,-2.13,0.0,tp 1823.945
912,2022.12.30 14:06:55,1672409215059,XAUUSD,912,0,0,3,0.01,1824.09,0.0,-0.06,0.0,0.0,CAP|225|0
913,2023.01.03 07:22:37,1672730557384,XAUUSD,912,1,1,5,0.01,1845.228,21.14,0.0,-1.06,0.0,tp 1845.210
914,2023.01.03 07:22:37,1672730557847,XAUUSD,914,0,0,3,0.01,1845.383,0.0,-0.06,0.0,0.0,CAP|226|0
915,2023.01.03 08:53:35,1672736015736,XAUUSD,915,0,0,3,0.01,1835.38,0.0,-0.06,0.0,0.0,CAP|226|1
916,2023.01.04 07:11:31,1672816291171,XAUUSD,914,1,1,5,0.01,1850.974,5.59,0.0,-0.53,0.0,tp 1850.972
917,2023.01.04 07:11:31,1672816291171,XAUUSD,915,1,1,5,0.01,1850.974,15.59,0.0,-0.53,0.0,tp 1850.972
918,2023.01.04 07:11:31,1672816291407,XAUUSD,918,0,0,3,0.01,1851.132,0.0,-0.06,0.0,0.0,CAP|227|0
919,2023.01.05 13:46:31,1672926391245,XAUUSD,919,0,0,3,0.01,1841.124,0.0,-0.06,0.0,0.0,CAP|227|1
920,2023.01.05 15:16:39,1672931799798,XAUUSD,920,0,0,3,0.01,1831.122,0.0,-0.06,0.0,0.0,CAP|227|2
921,2023.01.06 13:44:39,1673012679173,XAUUSD,918,1,1,5,0.01,1848.92,-2.21,0.0,-2.13,0.0,tp 1848.916
922,2023.01.06 13:44:39,1673012679173,XAUUSD,919,1,1,5,0.01,1848.92,7.8,0.0,-0.53,0.0,tp 1848.916
923,2023.01.06 13:44:39,1673012679173,XAUUSD,920,1,1,5,0.01,1848.92,17.8,0.0,-0.53,0.0,tp 1848.916
924,2023.01.06 13:44:39,1673012679257,XAUUSD,924,0,0,3,0.01,1849.058,0.0,-0.06,0.0,0.0,CAP|228|0
925,2023.01.06 18:55:36,1673031336965,XAUUSD,924,1,1,3,0.01,1869.117,20.06,0.0,0.0,0.0,
926,2023.01.08 23:05:00,1673219100001,XAUUSD,926,0,0,3,0.01,1866.899,0.0,-0.06,0.0,0.0,CAP|229|0
927,2023.01.12 12:21:38,1673526098417,XAUUSD,926,1,1,5,0.01,1889.628,22.73,0.0,-2.66,0.0,tp 1889.619
928,2023.01.12 12:21:38,1673526098562,XAUUSD,928,0,0,3,0.01,1889.777,0.0,-0.06,0.0,0.0,CAP|230|0
929,2023.01.12 13:30:24,1673530224805,XAUUSD,929,0,0,3,0.01,1879.769,0.0,-0.06,0.0,0.0,CAP|230|1
930,2023.01.12 13:35:28,1673530528390,XAUUSD,928,1,1,5,0.01,1894.842,5.06,0.0,0.0,0.0,tp 1894.833
931,2023.01.12 13:35:28,1673530528390,XAUUSD,929,1,1,5,0.01,1894.842,15.07,0.0,0.0,0.0,tp 1894.833
932,2023.01.13 00:00:00,1673568000001,XAUUSD,932,0,0,3,0.01,1898.155,0.0,-0.06,0.0,0.0,CAP|231|0
933,2023.01.13 18:10:35,1673633435999,XAUUSD,932,1,1,5,0.01,1918.216,20.06,0.0,0.0,0.0,tp 1918.215
934,2023.01.13 18:10:36,1673633436632,XAUUSD,934,0,0,3,0.01,1918.359,0.0,-0.06,0.0,0.0,CAP|232|0
935,2023.01.17 04:15:37,1673928937347,XAUUSD,935,0,0,3,0.01,1908.309,0.0,-0.06,0.0,0.0,CAP|232|1
936,2023.01.18 04:07:27,1674014847442,XAUUSD,936,0,0,3,0.01,1898.358,0.0,-0.06,0.0,0.0,CAP|232|2
937,2023.01.18 09:53:01,1674035581818,XAUUSD,934,1,1,5,0.01,1915.781,-2.58,0.0,-1.5899999999999999,0.0,tp 1915.776
938,2023.01.18 09:53:01,1674035581818,XAUUSD,935,1,1,5,0.01,1915.781,7.47,0.0,-0.53,0.0,tp 1915.776
939,2023.01.18 09:53:01,1674035581818,XAUUSD,936,1,1,5,0.01,1915.781,17.42,0.0,0.0,0.0,tp 1915.776
940,2023.01.18 09:53:02,1674035582425,XAUUSD,940,0,0,3,0.01,1915.922,0.0,-0.06,0.0,0.0,CAP|233|0
941,2023.01.18 17:04:20,1674061460537,XAUUSD,941,0,0,3,0.01,1905.899,0.0,-0.06,0.0,0.0,CAP|233|1
942,2023.01.19 15:25:05,1674141905106,XAUUSD,940,1,1,5,0.01,1922.575,6.66,0.0,-1.6,0.0,tp 1922.571
943,2023.01.19 15:25:05,1674141905106,XAUUSD,941,1,1,5,0.01,1922.575,16.68,0.0,-1.6,0.0,tp 1922.571
944,2023.01.19 15:25:05,1674141905426,XAUUSD,944,0,0,3,0.01,1922.689,0.0,-0.06,0.0,0.0,CAP|234|0
945,2023.01.23 15:09:12,1674486552914,XAUUSD,945,0,0,3,0.01,1912.68,0.0,-0.06,0.0,0.0,CAP|234|1
946,2023.01.23 18:31:27,1674498687534,XAUUSD,944,1,1,5,0.01,1928.279,5.59,0.0,-1.06,0.0,tp 1928.275
947,2023.01.23 18:31:27,1674498687534,XAUUSD,945,1,1,5,0.01,1928.279,15.6,0.0,0.0,0.0,tp 1928.275
948,2023.01.23 18:31:27,1674498687946,XAUUSD,948,0,0,3,0.01,1928.43,0.0,-0.06,0.0,0.0,CAP|235|0
949,2023.01.24 15:07:41,1674572861197,XAUUSD,949,0,0,3,0.01,1918.411,0.0,-0.06,0.0,0.0,CAP|235|1
950,2023.01.24 15:45:20,1674575120207,XAUUSD,948,1,1,5,0.01,1933.761,5.33,0.0,-0.53,0.0,tp 1933.746
951,2023.01.24 15:45:20,1674575120207,XAUUSD,949,1,1,5,0.01,1933.761,15.35,0.0,0.0,0.0,tp 1933.746
952,2023.01.24 15:45:20,1674575120519,XAUUSD,952,0,0,3,0.01,1933.906,0.0,-0.06,0.0,0.0,CAP|236|0
953,2023.01.25 10:14:38,1674641678491,XAUUSD,953,0,0,3,0.01,1923.899,0.0,-0.06,0.0,0.0,CAP|236|1
954,2023.01.25 17:30:37,1674667837419,XAUUSD,952,1,1,5,0.01,1939.259,5.35,0.0,-0.53,0.0,tp 1939.228
955,2023.01.25 17:30:37,1674667837419,XAUUSD,953,1,1,5,0.01,1939.259,15.36,0.0,0.0,0.0,tp 1939.228
956,2023.01.25 17:30:38,1674667838065,XAUUSD,956,0,0,3,0.01,1939.422,0.0,-0.06,0.0,0.0,CAP|237|0
957,2023.01.26 15:36:28,1674747388203,XAUUSD,957,0,0,3,0.01,1929.422,0.0,-0.06,0.0,0.0,CAP|237|1
958,2023.01.26 16:24:40,1674750280690,XAUUSD,958,0,0,3,0.01,1919.406,0.0,-0.06,0.0,0.0,CAP|237|2
959,2023.01.31 08:07:41,1675152461739,XAUUSD,956,1,1,4,0.01,1911.567,-27.85,0.0,-3.19,0.0,sl 1911.600
960,2023.01.31 08:07:41,1675152461739,XAUUSD,957,1,1,4,0.01,1911.567,-17.85,0.0,-1.5899999999999999,0.0,sl 1911.600
961,2023.01.31 08:07:41,1675152461739,XAUUSD,958,1,1,4,0.01,1911.567,-7.84,0.0,-1.5899999999999999,0.0,sl 1911.600
962,2023.01.31 08:07:42,1675152462112,XAUUSD,962,0,0,3,0.01,1911.697,0.0,-0.06,0.0,0.0,CAP|238|0
963,2023.01.31 11:31:37,1675164697286,XAUUSD,963,0,0,3,0.01,1901.691,0.0,-0.06,0.0,0.0,CAP|238|1
964,2023.01.31 13:32:38,1675171958081,XAUUSD,962,1,1,5,0.01,1916.755,5.06,0.0,0.0,0.0,tp 1916.754
965,2023.01.31 13:32:38,1675171958081,XAUUSD,963,1,1,5,0.01,1916.755,15.07,0.0,0.0,0.0,tp 1916.754
966,2023.01.31 13:32:38,1675171958303,XAUUSD,966,0,0,3,0.01,1916.904,0.0,-0.06,0.0,0.0,CAP|239|0
967,2023.02.01 19:43:40,1675280620294,XAUUSD,966,1,1,5,0.01,1937.5,20.6,0.0,-0.53,0.0,tp 1937.494
968,2023.02.01 19:43:40,1675280620350,XAUUSD,968,0,0,3,0.01,1937.637,0.0,-0.06,0.0,0.0,CAP|240|0
969,2023.02.02 07:14:38,1675322078596,XAUUSD,968,1,1,5,0.01,1959.306,21.67,0.0,-1.6,0.0,tp 1959.297
970,2023.02.02 07:14:38,1675322078948,XAUUSD,970,0,0,3,0.01,1959.454,0.0,-0.06,0.0,0.0,CAP|241|0
971,2023.02.02 13:41:15,1675345275628,XAUUSD,971,0,0,3,0.01,1949.454,0.0,-0.06,0.0,0.0,CAP|241|1
972,2023.02.02 14:41:15,1675348875710,XAUUSD,972,0,0,3,0.01,1939.439,0.0,-0.06,0.0,0.0,CAP|241|2
973,2023.02.02 14:51:38,1675349498716,XAUUSD,970,1,1,4,0.01,1929.508,-29.94,0.0,0.0,0.0,sl 1929.509
974,2023.02.02 14:51:38,1675349498716,XAUUSD,971,1,1,4,0.01,1929.508,-19.94,0.0,0.0,0.0,sl 1929.509
975,2023.02.02 14:51:38,1675349498716,XAUUSD,972,1,1,4,0.01,1929.508,-9.93,0.0,0.0,0.0,sl 1929.509
976,2023.02.02 14:51:38,1675349498831,XAUUSD,976,0,0,3,0.01,1929.623,0.0,-0.06,0.0,0.0,CAP|242|0
977,2023.02.02 15:09:03,1675350543745,XAUUSD,977,0,0,3,0.01,1919.618,0.0,-0.06,0.0,0.0,CAP|242|1
978,2023.02.03 11:16:28,1675422988126,XAUUSD,978,0,0,3,0.01,1909.59,0.0,-0.06,0.0,0.0,CAP|242|2
979,2023.02.03 13:30:41,1675431041561,XAUUSD,976,1,1,4,0.01,1899.943,-29.68,0.0,-0.53,0.0,sl 1900.024
980,2023.02.03 13:30:41,1675431041561,XAUUSD,977,1,1,4,0.01,1899.943,-19.68,0.0,-0.53,0.0,sl 1900.024
981,2023.02.03 13:30:41,1675431041561,XAUUSD,978,1,1,4,0.01,1899.943,-9.65,0.0,0.0,0.0,sl 1900.024
982,2023.02.03 13:30:41,1675431041662,XAUUSD,982,0,0,3,0.01,1899.973,0.0,-0.06,0.0,0.0,CAP|243|0
983,2023.02.03 13:41:13,1675431673510,XAUUSD,983,0,0,3,0.01,1889.969,0.0,-0.06,0.0,0.0,CAP|243|1
984,2023.02.03 14:17:31,1675433851910,XAUUSD,982,1,1,4,0.01,1880.077,-19.89,0.0,0.0,0.0,sl 1880.096
985,2023.02.03 14:17:31,1675433851910,XAUUSD,983,1,1,4,0.01,1880.077,-9.89,0.0,0.0,0.0,sl 1880.096
986,2023.02.05 23:05:00,1675638300001,XAUUSD,986,0,0,3,0.01,1864.332,0.0,-0.06,0.0,0.0,CAP|244|0
987,2023.02.08 07:59:28,1675843168170,XAUUSD,986,1,1,5,0.01,1885.463,21.13,0.0,-1.06,0.0,tp 1885.452
988,2023.02.08 07:59:28,1675843168537,XAUUSD,988,0,0,3,0.01,1885.632,0.0,-0.06,0.0,0.0,CAP|245|0
989,2023.02.08 13:20:39,1675862439811,XAUUSD,989,0,0,3,0.01,1875.622,0.0,-0.06,0.0,0.0,CAP|245|1
990,2023.02.09 17:42:16,1675964536388,XAUUSD,990,0,0,3,0.01,1865.616,0.0,-0.06,0.0,0.0,CAP|245|2
991,2023.02.10 03:33:28,1676000008185,XAUUSD,988,1,1,4,0.01,1857.28,-28.35,0.0,-2.13,0.0,sl 1857.280
992,2023.02.10 03:33:28,1676000008185,XAUUSD,989,1,1,4,0.01,1857.28,-18.34,0.0,-2.13,0.0,sl 1857.280
993,2023.02.10 03:33:28,1676000008185,XAUUSD,990,1,1,4,0.01,1857.28,-8.34,0.0,-0.53,0.0,sl 1857.280
994,2023.02.10 03:33:28,1676000008399,XAUUSD,994,0,0,3,0.01,1857.358,0.0,-0.06,0.0,0.0,CAP|246|0
995,2023.02.14 14:31:05,1676385065908,XAUUSD,995,0,0,3,0.01,1847.351,0.0,-0.06,0.0,0.0,CAP|246|1
996,2023.02.14 15:05:40,1676387140509,XAUUSD,994,1,1,5,0.01,1862.961,5.6,0.0,-1.06,0.0,tp 1862.945
997,2023.02.14 15:05:40,1676387140509,XAUUSD,995,1,1,5,0.01,1862.961,15.61,0.0,0.0,0.0,tp 1862.945
998,2023.02.14 15:05:40,1676387140637,XAUUSD,998,0,0,3,0.01,1863.109,0.0,-0.06,0.0,0.0,CAP|247|0
999,2023.02.14 15:51:30,1676389890111,XAUUSD,999,0,0,3,0.01,1853.084,0.0,-0.06,0.0,0.0,CAP|247|1
1000,2023.02.15 06:31:38,1676442698441,XAUUSD,1000,0,0,3,0.01,1843.099,0.0,-0.06,0.0,0.0,CAP|247|2
1001,2023.02.15 08:01:30,1676448090479,XAUUSD,998,1,1,4,0.01,1833.487,-29.62,0.0,-0.53,0.0,sl 1833.511
1002,2023.02.15 08:01:30,1676448090479,XAUUSD,999,1,1,4,0.01,1833.487,-19.59,0.0,-0.53,0.0,sl 1833.511
1003,2023.02.15 08:01:30,1676448090479,XAUUSD,1000,1,1,4,0.01,1833.487,-9.61,0.0,0.0,0.0,sl 1833.511
1004,2023.02.15 08:01:30,1676448090671,XAUUSD,1004,0,0,3,0.01,1833.582,0.0,-0.06,0.0,0.0,CAP|248|0
1005,2023.02.17 06:30:38,1676615438109,XAUUSD,1005,0,0,3,0.01,1823.579,0.0,-0.06,0.0,0.0,CAP|248|1
1006,2023.02.17 15:36:16,1676648176510,XAUUSD,1004,1,1,5,0.01,1839.712,6.13,0.0,-2.13,0.0,tp 1839.706
1007,2023.02.17 15:36:16,1676648176510,XAUUSD,1005,1,1,5,0.01,1839.712,16.13,0.0,0.0,0.0,tp 1839.706
1008,2023.02.17 15:36:16,1676648176712,XAUUSD,1008,0,0,3,0.01,1839.853,0.0,-0.06,0.0,0.0,CAP|249|0
1009,2023.02.22 18:46:39,1677091599467,XAUUSD,1009,0,0,3,0.01,1829.852,0.0,-0.06,0.0,0.0,CAP|249|1
1010,2023.02.23 13:41:37,1677159697949,XAUUSD,1010,0,0,3,0.01,1819.846,0.0,-0.06,0.0,0.0,CAP|249|2
1011,2023.02.24 13:30:42,1677245442227,XAUUSD,1008,1,1,3,0.01,1812.038,-27.81,0.0,-3.7199999999999998,0.0,
1012,2023.02.24 13:30:42,1677245442228,XAUUSD,1009,1,1,3,0.01,1812.038,-17.81,0.0,-2.13,0.0,
1013,2023.02.24 13:30:42,1677245442229,XAUUSD,1010,1,1,3,0.01,1812.038,-7.8100000000000005,0.0,-0.53,0.0,
1014,2023.02.24 13:30:42,1677245442346,XAUUSD,1014,0,0,3,0.01,1812.119,0.0,-0.06,0.0,0.0,CAP|250|0
1015,2023.03.01 06:30:17,1677652217599,XAUUSD,1014,1,1,5,0.01,1833.796,21.68,0.0,-1.5899999999999999,0.0,tp 1833.769
1016,2023.03.01 06:30:18,1677652218400,XAUUSD,1016,0,0,3,0.01,1833.954,0.0,-0.06,0.0,0.0,CAP|251|0
1017,2023.03.03 20:12:41,1677874361008,XAUUSD,1016,1,1,3,0.01,1856.143,22.19,0.0,-2.13,0.0,
1018,2023.03.03 20:12:41,1677874361439,XAUUSD,1018,0,0,3,0.01,1856.307,0.0,-0.06,0.0,0.0,CAP|252|0
1019,2023.03.06 19:01:37,1678129297298,XAUUSD,1019,0,0,3,0.01,1846.281,0.0,-0.06,0.0,0.0,CAP|252|1
1020,2023.03.07 13:25:20,1678195520132,XAUUSD,1020,0,0,3,0.01,1836.296,0.0,-0.06,0.0,0.0,CAP|252|2
1021,2023.03.07 15:01:38,1678201298853,XAUUSD,1018,1,1,4,0.01,1826.883,-29.43,0.0,-1.06,0.0,sl 1826.885
1022,2023.03.07 15:01:38,1678201298853,XAUUSD,1019,1,1,4,0.01,1826.883,-19.4,0.0,-0.53,0.0,sl 1826.885
1023,2023.03.07 15:01:38,1678201298853,XAUUSD,1020,1,1,4,0.01,1826.883,-9.42,0.0,0.0,0.0,sl 1826.885
1024,2023.03.07 15:01:38,1678201298925,XAUUSD,1024,0,0,3,0.01,1827.326,0.0,-0.06,0.0,0.0,CAP|253|0
1025,2023.03.07 15:51:38,1678204298914,XAUUSD,1025,0,0,3,0.01,1817.32,0.0,-0.06,0.0,0.0,CAP|253|1
1026,2023.03.09 15:07:01,1678374421700,XAUUSD,1024,1,1,5,0.01,1834.557,7.23,0.0,-2.13,0.0,tp 1834.513
1027,2023.03.09 15:07:01,1678374421700,XAUUSD,1025,1,1,5,0.01,1834.557,17.24,0.0,-2.13,0.0,tp 1834.513
1028,2023.03.09 15:07:01,1678374421944,XAUUSD,1028,0,0,3,0.01,1834.73,0.0,-0.06,0.0,0.0,CAP|254|0
1029,2023.03.10 14:37:39,1678459059999,XAUUSD,1028,1,1,5,0.01,1855.333,20.6,0.0,-0.53,0.0,tp 1855.320
1030,2023.03.10 14:37:40,1678459060171,XAUUSD,1030,0,0,3,0.01,1855.486,0.0,-0.06,0.0,0.0,CAP|255|0
1031,2023.03.12 22:05:00,1678658700000,XAUUSD,1030,1,1,5,0.01,1883.449,27.96,0.0,-0.53,0.0,tp 1875.546
1032,2023.03.12 22:05:00,1678658700061,XAUUSD,1032,0,0,3,0.01,1883.592,0.0,-0.06,0.0,0.0,CAP|256|0
1033,2023.03.13 01:57:05,1678672625197,XAUUSD,1033,0,0,3,0.01,1873.56,0.0,-0.06,0.0,0.0,CAP|256|1
1034,2023.03.13 02:57:37,1678676257752,XAUUSD,1032,1,1,5,0.01,1888.656,5.07,0.0,0.0,0.0,tp 1888.636
1035,2023.03.13 02:57:37,1678676257752,XAUUSD,1033,1,1,5,0.01,1888.656,15.1,0.0,0.0,0.0,tp 1888.636
1036,2023.03.13 02:57:38,1678676258090,XAUUSD,1036,0,0,3,0.01,1888.804,0.0,-0.06,0.0,0.0,CAP|257|0
1037,2023.03.13 05:53:37,1678686817500,XAUUSD,1037,0,0,3,0.01,1878.779,0.0,-0.06,0.0,0.0,CAP|257|1
1038,2023.03.13 12:24:41,1678710281635,XAUUSD,1036,1,1,5,0.01,1893.856,5.06,0.0,0.0,0.0,tp 1893.852
1039,2023.03.13 12:24:41,1678710281635,XAUUSD,1037,1,1,5,0.01,1893.856,15.08,0.0,0.0,0.0,tp 1893.852
1040,2023.03.14 00:00:00,1678752000001,XAUUSD,1040,0,0,3,0.01,1912.217,0.0,-0.06,0.0,0.0,CAP|258|0
1041,2023.03.14 04:42:32,1678768952001,XAUUSD,1041,0,0,3,0.01,1902.213,0.0,-0.06,0.0,0.0,CAP|258|1
1042,2023.03.15 08:06:37,1678867597255,XAUUSD,1042,0,0,3,0.01,1892.209,0.0,-0.06,0.0,0.0,CAP|258|2
1043,2023.03.15 10:44:27,1678877067097,XAUUSD,1040,1,1,3,0.01,1909.292,-2.93,0.0,-0.53,0.0,
1044,2023.03.15 10:44:27,1678877067098,XAUUSD,1041,1,1,3,0.01,1909.292,7.08,0.0,-0.53,0.0,
1045,2023.03.15 10:44:27,1678877067099,XAUUSD,1042,1,1,3,0.01,1909.292,17.08,0.0,0.0,0.0,
1046,2023.03.15 10:44:27,1678877067484,XAUUSD,1046,0,0,3,0.01,1909.431,0.0,-0.06,0.0,0.0,CAP|259|0
1047,2023.03.15 12:52:39,1678884759166,XAUUSD,1046,1,1,5,0.01,1929.493,20.06,0.0,0.0,0.0,tp 1929.491
1048,2023.03.16 00:00:00,1678924800001,XAUUSD,1048,0,0,3,0.01,1921.308,0.0,-0.06,0.0,0.0,CAP|260|0
1049,2023.03.16 01:05:29,1678928729899,XAUUSD,1049,0,0,3,0.01,1911.289,0.0,-0.06,0.0,0.0,CAP|260|1
1050,2023.03.16 11:33:40,1678966420555,XAUUSD,1048,1,1,5,0.01,1926.38,5.07,0.0,0.0,0.0,tp 1926.359
1051,2023.03.16 11:33:40,1678966420555,XAUUSD,1049,1,1,5,0.01,1926.38,15.09,0.0,0.0,0.0,tp 1926.359
1052,2023.03.16 11:33:40,1678966420834,XAUUSD,1052,0,0,3,0.01,1926.538,0.0,-0.06,0.0,0.0,CAP|261|0
1053,2023.03.16 15:22:29,1678980149243,XAUUSD,1053,0,0,3,0.01,1916.533,0.0,-0.06,0.0,0.0,CAP|261|1
1054,2023.03.17 05:32:24,1679031144578,XAUUSD,1052,1,1,5,0.01,1932.134,5.59,0.0,-0.53,0.0,tp 1932.126
1055,2023.03.17 05:32:24,1679031144578,XAUUSD,1053,1,1,5,0.01,1932.134,15.6,0.0,-0.53,0.0,tp 1932.126
1056,2023.03.17 05:32:25,1679031145302,XAUUSD,1056,0,0,3,0.01,1932.283,0.0,-0.06,0.0,0.0,CAP|262|0
1057,2023.03.17 14:00:16,1679061616576,XAUUSD,1056,1,1,5,0.01,1952.363,20.08,0.0,0.0,0.0,tp 1952.343
1058,2023.03.19 22:05:00,1679263500001,XAUUSD,1058,0,0,3,0.01,1986.087,0.0,-0.06,0.0,0.0,CAP|263|0
1059,2023.03.19 22:37:39,1679265459007,XAUUSD,1059,0,0,3,0.01,1976.065,0.0,-0.06,0.0,0.0,CAP|263|1
1060,2023.03.20 06:01:38,1679292098794,XAUUSD,1058,1,1,5,0.01,1991.138,5.05,0.0,0.0,0.0,tp 1991.136
1061,2023.03.20 06:01:38,1679292098794,XAUUSD,1059,1,1,5,0.01,1991.138,15.07,0.0,0.0,0.0,tp 1991.136
1062,2023.03.20 06:01:38,1679292098959,XAUUSD,1062,0,0,3,0.01,1991.292,0.0,-0.06,0.0,0.0,CAP|264|0
1063,2023.03.20 10:33:20,1679308400705,XAUUSD,1063,0,0,3,0.01,1981.277,0.0,-0.06,0.0,0.0,CAP|264|1
1064,2023.03.20 14:10:30,1679321430613,XAUUSD,1064,0,0,3,0.01,1971.272,0.0,-0.06,0.0,0.0,CAP|264|2
1065,2023.03.21 12:19:15,1679401155899,XAUUSD,1062,1,1,4,0.01,1961.858,-29.43,0.0,-0.53,0.0,sl 1961.871
1066,2023.03.21 12:19:15,1679401155899,XAUUSD,1063,1,1,4,0.01,1961.858,-19.42,0.0,-0.53,0.0,sl 1961.871
1067,2023.03.21 12:19:15,1679401155899,XAUUSD,1064,1,1,4,0.01,1961.858,-9.41,0.0,-0.53,0.0,sl 1961.871
1068,2023.03.21 12:19:16,1679401156089,XAUUSD,1068,0,0,3,0.01,1961.963,0.0,-0.06,0.0,0.0,CAP|265|0
1069,2023.03.21 14:00:13,1679407213732,XAUUSD,1069,0,0,3,0.01,1951.962,0.0,-0.06,0.0,0.0,CAP|265|1
1070,2023.03.21 16:30:31,1679416231264,XAUUSD,1068,1,1,4,0.01,1941.915,-20.04,0.0,0.0,0.0,sl 1941.948
1071,2023.03.21 16:30:31,1679416231264,XAUUSD,1069,1,1,4,0.01,1941.915,-10.04,0.0,0.0,0.0,sl 1941.948
1072,2023.03.22 00:00:00,1679443200001,XAUUSD,1072,0,0,3,0.01,1943.237,0.0,-0.06,0.0,0.0,CAP|266|0
1073,2023.03.22 18:03:30,1679508210136,XAUUSD,1072,1,1,5,0.01,1963.302,20.06,0.0,0.0,0.0,tp 1963.297
1074,2023.03.22 18:03:30,1679508210182,XAUUSD,1074,0,0,3,0.01,1963.445,0.0,-0.06,0.0,0.0,CAP|267|0
1075,2023.03.22 18:14:31,1679508871195,XAUUSD,1075,0,0,3,0.01,1953.439,0.0,-0.06,0.0,0.0,CAP|267|1
1076,2023.03.22 18:40:24,1679510424580,XAUUSD,1074,1,1,5,0.01,1968.507,5.06,0.0,0.0,0.0,tp 1968.502
1077,2023.03.22 18:40:24,1679510424580,XAUUSD,1075,1,1,5,0.01,1968.507,15.07,0.0,0.0,0.0,tp 1968.502
1078,2023.03.23 00:00:00,1679529600001,XAUUSD,1078,0,0,3,0.01,1969.917,0.0,-0.06,0.0,0.0,CAP|268|0
1079,2023.03.23 16:17:38,1679588258289,XAUUSD,1078,1,1,5,0.01,1990.005,20.09,0.0,0.0,0.0,tp 1989.977
1080,2023.03.23 16:17:38,1679588258685,XAUUSD,1080,0,0,3,0.01,1990.162,0.0,-0.06,0.0,0.0,CAP|269|0
1081,2023.03.24 17:28:15,1679678895896,XAUUSD,1081,0,0,3,0.01,1980.134,0.0,-0.06,0.0,0.0,CAP|269|1
1082,2023.03.26 22:07:37,1679868457553,XAUUSD,1082,0,0,3,0.01,1970.145,0.0,-0.06,0.0,0.0,CAP|269|2
1083,2023.03.27 09:32:29,1679909549019,XAUUSD,1080,1,1,4,0.01,1960.709,-29.45,0.0,-1.06,0.0,sl 1960.737
1084,2023.03.27 09:32:29,1679909549019,XAUUSD,1081,1,1,4,0.01,1960.709,-19.42,0.0,-0.53,0.0,sl 1960.737
1085,2023.03.27 09:32:29,1679909549019,XAUUSD,1082,1,1,4,0.01,1960.709,-9.44,0.0,0.0,0.0,sl 1960.737
1086,2023.03.27 09:32:29,1679909549412,XAUUSD,1086,0,0,3,0.01,1960.795,0.0,-0.06,0.0,0.0,CAP|270|0
1087,2023.03.27 10:38:53,1679913533143,XAUUSD,1087,0,0,3,0.01,1950.772,0.0,-0.06,0.0,0.0,CAP|270|1
1088,2023.03.28 12:38:40,1680007120478,XAUUSD,1086,1,1,5,0.01,1966.374,5.57,0.0,-0.53,0.0,tp 1966.374
1089,2023.03.28 12:38:40,1680007120478,XAUUSD,1087,1,1,5,0.01,1966.374,15.6,0.0,-0.53,0.0,tp 1966.374
1090,2023.03.28 12:38:40,1680007120766,XAUUSD,1090,0,0,3,0.01,1966.523,0.0,-0.06,0.0,0.0,CAP|271|0
1091,2023.03.30 01:09:42,1680138582152,XAUUSD,1091,0,0,3,0.01,1956.479,0.0,-0.06,0.0,0.0,CAP|271|1
1092,2023.03.30 12:26:29,1680179189421,XAUUSD,1090,1,1,5,0.01,1972.66,6.14,0.0,-2.13,0.0,tp 1972.626
1093,2023.03.30 12:26:29,1680179189421,XAUUSD,1091,1,1,5,0.01,1972.66,16.18,0.0,0.0,0.0,tp 1972.626
1094,2023.03.30 12:26:29,1680179189587,XAUUSD,1094,0,0,3,0.01,1972.822,0.0,-0.06,0.0,0.0,CAP|272|0
1095,2023.04.02 22:12:31,1680473551518,XAUUSD,1095,0,0,3,0.01,1962.81,0.0,-0.06,0.0,0.0,CAP|272|1
1096,2023.04.03 02:57:42,1680490662072,XAUUSD,1096,0,0,3,0.01,1952.801,0.0,-0.06,0.0,0.0,CAP|272|2
1097,2023.04.03 10:13:23,1680516803076,XAUUSD,1094,1,1,5,0.01,1969.921,-2.9,0.0,-1.06,0.0,tp 1969.891
1098,2023.04.03 10:13:23,1680516803076,XAUUSD,1095,1,1,5,0.01,1969.921,7.11,0.0,0.0,0.0,tp 1969.891
1099,2023.04.03 10:13:23,1680516803076,XAUUSD,1096,1,1,5,0.01,1969.921,17.12,0.0,0.0,0.0,tp 1969.891
1100,2023.04.03 10:13:23,1680516803737,XAUUSD,1100,0,0,3,0.01,1970.077,0.0,-0.06,0.0,0.0,CAP|273|0
1101,2023.04.03 15:32:03,1680535923230,XAUUSD,1100,1,1,5,0.01,1990.177,20.1,0.0,0.0,0.0,tp 1990.137
1102,2023.04.04 00:00:00,1680566400001,XAUUSD,1102,0,0,3,0.01,1985.091,0.0,-0.06,0.0,0.0,CAP|274|0
1103,2023.04.04 14:05:37,1680617137415,XAUUSD,1102,1,1,5,0.01,2005.151,20.06,0.0,0.0,0.0,tp 2005.151
1104,2023.04.04 14:05:37,1680617137501,XAUUSD,1104,0,0,3,0.01,2005.282,0.0,-0.06,0.0,0.0,CAP|275|0
1105,2023.04.05 06:23:39,1680675819750,XAUUSD,1104,1,1,5,0.01,2025.888,20.61,0.0,-0.53,0.0,tp 2025.872
1106,2023.04.05 06:23:40,1680675820501,XAUUSD,1106,0,0,3,0.01,2026.033,0.0,-0.06,0.0,0.0,CAP|276|0
1107,2023.04.05 14:32:41,1680705161496,XAUUSD,1107,0,0,3,0.01,2015.997,0.0,-0.06,0.0,0.0,CAP|276|1
1108,2023.04.06 13:43:04,1680788584688,XAUUSD,1108,0,0,3,0.01,2006.027,0.0,-0.06,0.0,0.0,CAP|276|2
1109,2023.04.09 22:05:00,1681077900000,XAUUSD,1106,1,1,4,0.01,1997.096,-28.93,0.0,-2.66,0.0,sl 1997.146
1110,2023.04.09 22:05:00,1681077900000,XAUUSD,1107,1,1,4,0.01,1997.096,-18.9,0.0,-2.66,0.0,sl 1997.146
1111,2023.04.09 22:05:00,1681077900000,XAUUSD,1108,1,1,4,0.01,1997.096,-8.93,0.0,-1.06,0.0,sl 1997.146
1112,2023.04.09 22:05:00,1681077900723,XAUUSD,1112,0,0,3,0.01,1997.285,0.0,-0.06,0.0,0.0,CAP|277|0
1113,2023.04.10 13:07:40,1681132060515,XAUUSD,1113,0,0,3,0.01,1987.273,0.0,-0.06,0.0,0.0,CAP|277|1
1114,2023.04.11 07:36:16,1681198576875,XAUUSD,1112,1,1,5,0.01,2002.888,5.6,0.0,-0.53,0.0,tp 2002.869
1115,2023.04.11 07:36:16,1681198576875,XAUUSD,1113,1,1,5,0.01,2002.888,15.62,0.0,-0.53,0.0,tp 2002.869
1116,2023.04.11 07:36:17,1681198577501,XAUUSD,1116,0,0,3,0.01,2003.012,0.0,-0.06,0.0,0.0,CAP|278|0
1117,2023.04.12 12:33:03,1681302783868,XAUUSD,1116,1,1,5,0.01,2023.614,20.6,0.0,-0.53,0.0,tp 2023.602
1118,2023.04.12 12:33:03,1681302783940,XAUUSD,1118,0,0,3,0.01,2023.882,0.0,-0.06,0.0,0.0,CAP|279|0
1119,2023.04.12 13:32:38,1681306358514,XAUUSD,1119,0,0,3,0.01,2013.877,0.0,-0.06,0.0,0.0,CAP|279|1
1120,2023.04.12 13:45:37,1681307137934,XAUUSD,1120,0,0,3,0.01,2003.869,0.0,-0.06,0.0,0.0,CAP|279|2
1121,2023.04.13 06:44:27,1681368267200,XAUUSD,1118,1,1,5,0.01,2022.219,-1.6600000000000001,0.0,-1.6,0.0,tp 2022.203
1122,2023.04.13 06:44:27,1681368267200,XAUUSD,1119,1,1,5,0.01,2022.219,8.34,0.0,-1.6,0.0,tp 2022.203
1123,2023.04.13 06:44:27,1681368267200,XAUUSD,1120,1,1,5,0.01,2022.219,18.35,0.0,-1.6,0.0,tp 2022.203
1124,2023.04.13 06:44:27,1681368267601,XAUUSD,1124,0,0,3,0.01,2022.382,0.0,-0.06,0.0,0.0,CAP|280|0
1125,2023.04.13 12:54:19,1681390459411,XAUUSD,1124,1,1,5,0.01,2042.458,20.08,0.0,0.0,0.0,tp 2042.442
1126,2023.04.14 00:00:00,1681430400001,XAUUSD,1126,0,0,3,0.01,2039.875,0.0,-0.06,0.0,0.0,CAP|281|0
1127,2023.04.14 12:34:38,1681475678103,XAUUSD,1127,0,0,3,0.01,2029.875,0.0,-0.06,0.0,0.0,CAP|281|1
1128,2023.04.14 12:46:31,1681476391105,XAUUSD,1128,0,0,3,0.01,2019.871,0.0,-0.06,0.0,0.0,CAP|281|2
1129,2023.04.14 14:21:31,1681482091195,XAUUSD,1126,1,1,3,0.01,2009.935,-29.94,0.0,0.0,0.0,
1130,2023.04.14 14:21:31,1681482091196,XAUUSD,1127,1,1,3,0.01,2009.935,-19.94,0.0,0.0,0.0,
1131,2023.04.14 14:21:31,1681482091197,XAUUSD,1128,1,1,3,0.01,2009.935,-9.93,0.0,0.0,0.0,
1132,2023.04.14 14:21:31,1681482091335,XAUUSD,1132,0,0,3,0.01,2010.032,0.0,-0.06,0.0,0.0,CAP|282|0
1133,2023.04.14 14:54:38,1681484078390,XAUUSD,1133,0,0,3,0.01,2000.029,0.0,-0.06,0.0,0.0,CAP|282|1
1134,2023.04.17 14:30:31,1681741831263,XAUUSD,1132,1,1,4,0.01,1990.083,-19.95,0.0,-0.53,0.0,sl 1990.086
1135,2023.04.17 14:30:31,1681741831263,XAUUSD,1133,1,1,4,0.01,1990.083,-9.95,0.0,-0.53,0.0,sl 1990.086
1136,2023.04.17 14:30:31,1681741831579,XAUUSD,1136,0,0,3,0.01,1990.181,0.0,-0.06,0.0,0.0,CAP|283|0
1137,2023.04.18 15:24:01,1681831441153,XAUUSD,1136,1,1,5,0.01,2010.776,20.6,0.0,-0.53,0.0,tp 2010.771
1138,2023.04.18 15:24:01,1681831441731,XAUUSD,1138,0,0,3,0.01,2010.927,0.0,-0.06,0.0,0.0,CAP|284|0
1139,2023.04.19 05:46:37,1681883197925,XAUUSD,1139,0,0,3,0.01,2000.906,0.0,-0.06,0.0,0.0,CAP|284|1
1140,2023.04.19 06:17:40,1681885060335,XAUUSD,1140,0,0,3,0.01,1990.905,0.0,-0.06,0.0,0.0,CAP|284|2
1141,2023.04.19 08:39:15,1681893555689,XAUUSD,1138,1,1,4,0.01,1981.149,-29.78,0.0,-0.53,0.0,sl 1981.150
1142,2023.04.19 08:39:15,1681893555689,XAUUSD,1139,1,1,4,0.01,1981.149,-19.76,0.0,0.0,0.0,sl 1981.150
1143,2023.04.19 08:39:15,1681893555689,XAUUSD,1140,1,1,4,0.01,1981.149,-9.76,0.0,0.0,0.0,sl 1981.150
1144,2023.04.19 08:39:15,1681893555863,XAUUSD,1144,0,0,3,0.01,1981.376,0.0,-0.06,0.0,0.0,CAP|285|0
1145,2023.04.19 11:05:39,1681902339412,XAUUSD,1145,0,0,3,0.01,1971.376,0.0,-0.06,0.0,0.0,CAP|285|1
1146,2023.04.19 13:33:28,1681911208672,XAUUSD,1144,1,1,5,0.01,1986.441,5.06,0.0,0.0,0.0,tp 1986.436
1147,2023.04.19 13:33:28,1681911208672,XAUUSD,1145,1,1,5,0.01,1986.441,15.06,0.0,0.0,0.0,tp 1986.436
1148,2023.04.19 13:33:28,1681911208939,XAUUSD,1148,0,0,3,0.01,1986.582,0.0,-0.06,0.0,0.0,CAP|286|0
1149,2023.04.20 12:31:40,1681993900629,XAUUSD,1148,1,1,5,0.01,2008.242,21.66,0.0,-1.6,0.0,tp 2008.242
1150,2023.04.20 12:31:40,1681993900867,XAUUSD,1150,0,0,3,0.01,2008.433,0.0,-0.06,0.0,0.0,CAP|287|0
1151,2023.04.21 05:30:35,1682055035112,XAUUSD,1151,0,0,3,0.01,1998.432,0.0,-0.06,0.0,0.0,CAP|287|1
1152,2023.04.21 06:30:30,1682058630735,XAUUSD,1152,0,0,3,0.01,1988.411,0.0,-0.06,0.0,0.0,CAP|287|2
1153,2023.04.21 13:49:39,1682084979819,XAUUSD,1150,1,1,4,0.01,1978.662,-29.77,0.0,-0.53,0.0,sl 1978.662
1154,2023.04.21 13:49:39,1682084979819,XAUUSD,1151,1,1,4,0.01,1978.662,-19.77,0.0,0.0,0.0,sl 1978.662
1155,2023.04.21 13:49:39,1682084979819,XAUUSD,1152,1,1,4,0.01,1978.662,-9.75,0.0,0.0,0.0,sl 1978.662
1156,2023.04.21 13:49:39,1682084979880,XAUUSD,1156,0,0,3,0.01,1978.765,0.0,-0.06,0.0,0.0,CAP|288|0
1157,2023.04.25 00:45:38,1682383538770,XAUUSD,1156,1,1,3,0.01,1999.884,21.11,0.0,-1.06,0.0,
1158,2023.04.25 00:45:39,1682383539231,XAUUSD,1158,0,0,3,0.01,2000.071,0.0,-0.06,0.0,0.0,CAP|289|0
1159,2023.04.25 07:43:04,1682408584600,XAUUSD,1159,0,0,3,0.01,1990.065,0.0,-0.06,0.0,0.0,CAP|289|1
1160,2023.04.25 11:02:39,1682420559760,XAUUSD,1160,0,0,3,0.01,1980.046,0.0,-0.06,0.0,0.0,CAP|289|2
1161,2023.04.25 17:49:15,1682444955652,XAUUSD,1158,1,1,5,0.01,1996.795,-3.27,0.0,0.0,0.0,tp 1996.788
1162,2023.04.25 17:49:15,1682444955652,XAUUSD,1159,1,1,5,0.01,1996.795,6.73,0.0,0.0,0.0,tp 1996.788
1163,2023.04.25 17:49:15,1682444955652,XAUUSD,1160,1,1,5,0.01,1996.795,16.75,0.0,0.0,0.0,tp 1996.788
1164,2023.04.26 00:00:00,1682467200001,XAUUSD,1164,0,0,3,0.01,2000.34,0.0,-0.06,0.0,0.0,CAP|290|0
1165,2023.04.26 16:01:38,1682524898134,XAUUSD,1165,0,0,3,0.01,1990.315,0.0,-0.06,0.0,0.0,CAP|290|1
1166,2023.04.27 13:19:40,1682601580342,XAUUSD,1166,0,0,3,0.01,1980.327,0.0,-0.06,0.0,0.0,CAP|290|2
1167,2023.05.01 12:32:20,1682944340347,XAUUSD,1164,1,1,5,0.01,1999.196,-1.1400000000000001,0.0,-2.66,0.0,tp 1999.181
1168,2023.05.01 12:32:20,1682944340347,XAUUSD,1165,1,1,5,0.01,1999.196,8.88,0.0,-2.66,0.0,tp 1999.181
1169,2023.05.01 12:32:20,1682944340347,XAUUSD,1166,1,1,5,0.01,1999.196,18.87,0.0,-1.06,0.0,tp 1999.181
1170,2023.05.01 12:32:20,1682944340609,XAUUSD,1170,0,0,3,0.01,1999.344,0.0,-0.06,0.0,0.0,CAP|291|0
1171,2023.05.01 14:03:24,1682949804340,XAUUSD,1171,0,0,3,0.01,1989.34,0.0,-0.06,0.0,0.0,CAP|291|1
1172,2023.05.02 08:06:38,1683014798533,XAUUSD,1172,0,0,3,0.01,1979.318,0.0,-0.06,0.0,0.0,CAP|291|2
1173,2023.05.02 14:11:38,1683036698465,XAUUSD,1170,1,1,5,0.01,1996.424,-2.92,0.0,-0.53,0.0,tp 1996.414
1174,2023.05.02 14:11:38,1683036698465,XAUUSD,1171,1,1,5,0.01,1996.424,7.08,0.0,-0.53,0.0,tp 1996.414
1175,2023.05.02 14:11:38,1683036698465,XAUUSD,1172,1,1,5,0.01,1996.424,17.1,0.0,0.0,0.0,tp 1996.414
1176,2023.05.02 14:11:38,1683036698614,XAUUSD,1176,0,0,3,0.01,1996.574,0.0,-0.06,0.0,0.0,CAP|292|0
1177,2023.05.02 16:04:29,1683043469912,XAUUSD,1176,1,1,5,0.01,2016.648,20.08,0.0,0.0,0.0,tp 2016.634
1178,2023.05.03 00:00:00,1683072000001,XAUUSD,1178,0,0,3,0.01,2016.079,0.0,-0.06,0.0,0.0,CAP|293|0
1179,2023.05.03 20:48:28,1683146908983,XAUUSD,1178,1,1,5,0.01,2036.165,20.09,0.0,0.0,0.0,tp 2036.139
1180,2023.05.03 20:48:29,1683146909238,XAUUSD,1180,0,0,3,0.01,2036.321,0.0,-0.06,0.0,0.0,CAP|294|0
1181,2023.05.03 22:01:00,1683151260000,XAUUSD,1180,1,1,5,0.01,2061.6,25.28,0.0,0.0,0.0,tp 2056.381
1182,2023.05.04 00:00:00,1683158400001,XAUUSD,1182,0,0,3,0.01,2052.121,0.0,-0.06,0.0,0.0,CAP|295|0
1183,2023.05.04 02:35:34,1683167734937,XAUUSD,1183,0,0,3,0.01,2042.121,0.0,-0.06,0.0,0.0,CAP|295|1
1184,2023.05.04 07:32:38,1683185558361,XAUUSD,1184,0,0,3,0.01,2032.105,0.0,-0.06,0.0,0.0,CAP|295|2
1185,2023.05.04 14:17:37,1683209857218,XAUUSD,1182,1,1,5,0.01,2048.875,-3.24,0.0,0.0,0.0,tp 2048.843
1186,2023.05.04 14:17:37,1683209857218,XAUUSD,1183,1,1,5,0.01,2048.875,6.76,0.0,0.0,0.0,tp 2048.843
1187,2023.05.04 14:17:37,1683209857218,XAUUSD,1184,1,1,5,0.01,2048.875,16.77,0.0,0.0,0.0,tp 2048.843
1188,2023.05.04 14:17:37,1683209857444,XAUUSD,1188,0,0,3,0.01,2049.042,0.0,-0.06,0.0,0.0,CAP|296|0
1189,2023.05.05 08:11:13,1683274273151,XAUUSD,1189,0,0,3,0.01,2039.026,0.0,-0.06,0.0,0.0,CAP|296|1
1190,2023.05.05 12:30:14,1683289814720,XAUUSD,1190,0,0,3,0.01,2029.041,0.0,-0.06,0.0,0.0,CAP|296|2
1191,2023.05.05 12:39:14,1683290354718,XAUUSD,1188,1,1,4,0.01,2019.267,-29.77,0.0,-0.53,0.0,sl 2019.273
1192,2023.05.05 12:39:14,1683290354718,XAUUSD,1189,1,1,4,0.01,2019.267,-19.76,0.0,0.0,0.0,sl 2019.273
1193,2023.05.05 12:39:14,1683290354718,XAUUSD,1190,1,1,4,0.01,2019.267,-9.77,0.0,0.0,0.0,sl 2019.273
1194,2023.05.05 12:39:14,1683290354789,XAUUSD,1194,0,0,3,0.01,2019.378,0.0,-0.06,0.0,0.0,CAP|297|0
1195,2023.05.05 12:44:29,1683290669017,XAUUSD,1195,0,0,3,0.01,2009.37,0.0,-0.06,0.0,0.0,CAP|297|1
1196,2023.05.08 10:14:35,1683540875625,XAUUSD,1194,1,1,5,0.01,2024.975,5.6,0.0,-0.53,0.0,tp 2024.964
1197,2023.05.08 10:14:35,1683540875625,XAUUSD,1195,1,1,5,0.01,2024.975,15.61,0.0,-0.53,0.0,tp 2024.964
1198,2023.05.08 10:14:36,1683540876563,XAUUSD,1198,0,0,3,0.01,2025.123,0.0,-0.06,0.0,0.0,CAP|298|0
1199,2023.05.10 12:40:29,1683722429017,XAUUSD,1198,1,1,5,0.01,2046.252,21.13,0.0,-1.06,0.0,tp 2046.243
1200,2023.05.10 12:40:29,1683722429108,XAUUSD,1200,0,0,3,0.01,2046.393,0.0,-0.06,0.0,0.0,CAP|299|0
1201,2023.05.10 13:22:37,1683724957415,XAUUSD,1201,0,0,3,0.01,2036.379,0.0,-0.06,0.0,0.0,CAP|299|1
1202,2023.05.10 15:09:42,1683731382188,XAUUSD,1202,0,0,3,0.01,2026.375,0.0,-0.06,0.0,0.0,CAP|299|2
1203,2023.05.11 13:47:38,1683812858000,XAUUSD,1200,1,1,4,0.01,2018.038,-28.35,0.0,-1.6,0.0,sl 2018.043
1204,2023.05.11 13:47:38,1683812858000,XAUUSD,1201,1,1,4,0.01,2018.038,-18.34,0.0,-1.6,0.0,sl 2018.043
1205,2023.05.11 13:47:38,1683812858000,XAUUSD,1202,1,1,4,0.01,2018.038,-8.34,0.0,-1.6,0.0,sl 2018.043
1206,2023.05.11 13:47:38,1683812858063,XAUUSD,1206,0,0,3,0.01,2018.153,0.0,-0.06,0.0,0.0,CAP|300|0
1207,2023.05.12 06:15:13,1683872113019,XAUUSD,1207,0,0,3,0.01,2008.132,0.0,-0.06,0.0,0.0,CAP|300|1
1208,2023.05.16 15:36:26,1684251386757,XAUUSD,1208,0,0,3,0.01,1998.14,0.0,-0.06,0.0,0.0,CAP|300|2
1209,2023.05.16 16:56:26,1684256186341,XAUUSD,1206,1,1,4,0.01,1989.082,-29.07,0.0,-1.5899999999999999,0.0,sl 1989.085
1210,2023.05.16 16:56:26,1684256186341,XAUUSD,1207,1,1,4,0.01,1989.082,-19.05,0.0,-1.06,0.0,sl 1989.085
1211,2023.05.16 16:56:26,1684256186341,XAUUSD,1208,1,1,4,0.01,1989.082,-9.06,0.0,0.0,0.0,sl 1989.085
1212,2023.05.16 16:56:26,1684256186830,XAUUSD,1212,0,0,3,0.01,1989.167,0.0,-0.06,0.0,0.0,CAP|301|0
1213,2023.05.17 13:53:05,1684331585197,XAUUSD,1213,0,0,3,0.01,1979.165,0.0,-0.06,0.0,0.0,CAP|301|1
1214,2023.05.18 12:33:28,1684413208814,XAUUSD,1214,0,0,3,0.01,1969.156,0.0,-0.06,0.0,0.0,CAP|301|2
1215,2023.05.18 13:25:14,1684416314621,XAUUSD,1212,1,1,4,0.01,1960.466,-28.7,0.0,-2.13,0.0,sl 1960.466
1216,2023.05.18 13:25:14,1684416314621,XAUUSD,1213,1,1,4,0.01,1960.466,-18.7,0.0,-1.6,0.0,sl 1960.466
1217,2023.05.18 13:25:14,1684416314621,XAUUSD,1214,1,1,4,0.01,1960.466,-8.69,0.0,0.0,0.0,sl 1960.466
1218,2023.05.18 13:25:14,1684416314874,XAUUSD,1218,0,0,3,0.01,1960.575,0.0,-0.06,0.0,0.0,CAP|302|0
1219,2023.05.19 15:33:42,1684510422119,XAUUSD,1218,1,1,5,0.01,1981.191,20.61,0.0,-0.53,0.0,tp 1981.165
1220,2023.05.19 15:33:42,1684510422240,XAUUSD,1220,0,0,3,0.01,1981.357,0.0,-0.06,0.0,0.0,CAP|303|0
1221,2023.05.22 11:43:13,1684755793664,XAUUSD,1221,0,0,3,0.01,1971.356,0.0,-0.06,0.0,0.0,CAP|303|1
1222,2023.05.23 01:48:29,1684806509211,XAUUSD,1222,0,0,3,0.01,1961.342,0.0,-0.06,0.0,0.0,CAP|303|2
1223,2023.05.24 05:36:55,1684906615324,XAUUSD,1220,1,1,5,0.01,1979.157,-2.2,0.0,-1.5899999999999999,0.0,tp 1979.139
1224,2023.05.24 05:36:55,1684906615324,XAUUSD,1221,1,1,5,0.01,1979.157,7.8,0.0,-1.06,0.0,tp 1979.139
1225,2023.05.24 05:36:55,1684906615324,XAUUSD,1222,1,1,5,0.01,1979.157,17.82,0.0,-0.53,0.0,tp 1979.139
1226,2023.05.24 05:36:56,1684906616104,XAUUSD,1226,0,0,3,0.01,1979.305,0.0,-0.06,0.0,0.0,CAP|304|0
1227,2023.05.24 14:06:18,1684937178916,XAUUSD,1227,0,0,3,0.01,1969.299,0.0,-0.06,0.0,0.0,CAP|304|1
1228,2023.05.24 16:11:30,1684944690428,XAUUSD,1228,0,0,3,0.01,1959.291,0.0,-0.06,0.0,0.0,CAP|304|2
1229,2023.05.25 12:34:43,1685018083203,XAUUSD,1226,1,1,4,0.01,1950.957,-28.35,0.0,-1.6,0.0,sl 1950.959
1230,2023.05.25 12:34:43,1685018083203,XAUUSD,1227,1,1,4,0.01,1950.957,-18.34,0.0,-1.6,0.0,sl 1950.959
1231,2023.05.25 12:34:43,1685018083203,XAUUSD,1228,1,1,4,0.01,1950.957,-8.33,0.0,-1.6,0.0,sl 1950.959
1232,2023.05.25 12:34:43,1685018083298,XAUUSD,1232,0,0,3,0.01,1951.066,0.0,-0.06,0.0,0.0,CAP|305|0
1233,2023.05.25 12:42:20,1685018540770,XAUUSD,1233,0,0,3,0.01,1941.065,0.0,-0.06,0.0,0.0,CAP|305|1
1234,2023.05.26 07:46:37,1685087197358,XAUUSD,1232,1,1,5,0.01,1956.661,5.59,0.0,-0.53,0.0,tp 1956.656
1235,2023.05.26 07:46:37,1685087197358,XAUUSD,1233,1,1,5,0.01,1956.661,15.59,0.0,-0.53,0.0,tp 1956.656
1236,2023.05.26 07:46:37,1685087197925,XAUUSD,1236,0,0,3,0.01,1956.814,0.0,-0.06,0.0,0.0,CAP|306|0
1237,2023.05.26 12:30:41,1685104241564,XAUUSD,1237,0,0,3,0.01,1946.807,0.0,-0.06,0.0,0.0,CAP|306|1
1238,2023.05.30 05:13:04,1685423584138,XAUUSD,1238,0,0,3,0.01,1936.785,0.0,-0.06,0.0,0.0,CAP|306|2
1239,2023.05.30 10:02:26,1685440946756,XAUUSD,1236,1,1,5,0.01,1954.243,-2.57,0.0,-1.06,0.0,tp 1954.236
1240,2023.05.30 10:02:26,1685440946756,XAUUSD,1237,1,1,5,0.01,1954.243,7.43,0.0,-1.06,0.0,tp 1954.236
1241,2023.05.30 10:02:26,1685440946756,XAUUSD,1238,1,1,5,0.01,1954.243,17.45,0.0,0.0,0.0,tp 1954.236
1242,2023.05.30 10:02:27,1685440947028,XAUUSD,1242,0,0,3,0.01,1954.384,0.0,-0.06,0.0,0.0,CAP|307|0
1243,2023.06.01 14:00:36,1685628036028,XAUUSD,1242,1,1,5,0.01,1976.594,22.21,0.0,-2.13,0.0,tp 1976.574
1244,2023.06.01 14:00:36,1685628036169,XAUUSD,1244,0,0,3,0.01,1976.744,0.0,-0.06,0.0,0.0,CAP|308|0
1245,2023.06.02 13:45:38,1685713538154,XAUUSD,1245,0,0,3,0.01,1966.738,0.0,-0.06,0.0,0.0,CAP|308|1
1246,2023.06.02 16:11:26,1685722286897,XAUUSD,1246,0,0,3,0.01,1956.736,0.0,-0.06,0.0,0.0,CAP|308|2
1247,2023.06.04 22:05:00,1685916300001,XAUUSD,1244,1,1,3,0.01,1947.404,-29.34,0.0,-1.06,0.0,
1248,2023.06.04 22:05:00,1685916300002,XAUUSD,1245,1,1,3,0.01,1947.404,-19.34,0.0,-0.53,0.0,
1249,2023.06.04 22:05:00,1685916300003,XAUUSD,1246,1,1,3,0.01,1947.404,-9.34,0.0,-0.53,0.0,
1250,2023.06.04 22:05:01,1685916301001,XAUUSD,1250,0,0,3,0.01,1947.503,0.0,-0.06,0.0,0.0,CAP|309|0
1251,2023.06.07 13:53:40,1686146020835,XAUUSD,1250,1,1,5,0.01,1968.636,21.14,0.0,-1.06,0.0,tp 1968.623
1252,2023.06.07 13:53:41,1686146021015,XAUUSD,1252,0,0,3,0.01,1968.906,0.0,-0.06,0.0,0.0,CAP|310|0
1253,2023.06.07 14:32:40,1686148360000,XAUUSD,1253,0,0,3,0.01,1958.889,0.0,-0.06,0.0,0.0,CAP|310|1
1254,2023.06.07 15:49:41,1686152981471,XAUUSD,1254,0,0,3,0.01,1948.903,0.0,-0.06,0.0,0.0,CAP|310|2
1255,2023.06.08 13:46:37,1686231997582,XAUUSD,1252,1,1,5,0.01,1967.228,-1.6800000000000002,0.0,-1.6,0.0,tp 1967.226
1256,2023.06.08 13:46:37,1686231997582,XAUUSD,1253,1,1,5,0.01,1967.228,8.34,0.0,-1.6,0.0,tp 1967.226
1257,2023.06.08 13:46:37,1686231997582,XAUUSD,1254,1,1,5,0.01,1967.228,18.33,0.0,-1.6,0.0,tp 1967.226
1258,2023.06.08 13:46:37,1686231997803,XAUUSD,1258,0,0,3,0.01,1967.384,0.0,-0.06,0.0,0.0,CAP|311|0
1259,2023.06.09 13:42:41,1686318161136,XAUUSD,1259,0,0,3,0.01,1957.375,0.0,-0.06,0.0,0.0,CAP|311|1
1260,2023.06.13 15:24:25,1686669865663,XAUUSD,1260,0,0,3,0.01,1947.357,0.0,-0.06,0.0,0.0,CAP|311|2
1261,2023.06.15 00:47:40,1686790060000,XAUUSD,1258,1,1,4,0.01,1940.445,-26.93,0.0,-3.7199999999999998,0.0,sl 1940.446
1262,2023.06.15 00:47:40,1686790060000,XAUUSD,1259,1,1,4,0.01,1940.445,-16.93,0.0,-3.19,0.0,sl 1940.446
1263,2023.06.15 00:47:40,1686790060000,XAUUSD,1260,1,1,4,0.01,1940.445,-6.91,0.0,-2.13,0.0,sl 1940.446
1264,2023.06.15 00:47:41,1686790061001,XAUUSD,1264,0,0,3,0.01,1940.566,0.0,-0.06,0.0,0.0,CAP|312|0
1265,2023.06.15 07:02:29,1686812549244,XAUUSD,1265,0,0,3,0.01,1930.518,0.0,-0.06,0.0,0.0,CAP|312|1
1266,2023.06.15 13:43:29,1686836609743,XAUUSD,1264,1,1,5,0.01,1945.605,5.04,0.0,0.0,0.0,tp 1945.602
1267,2023.06.15 13:43:29,1686836609743,XAUUSD,1265,1,1,5,0.01,1945.605,15.09,0.0,0.0,0.0,tp 1945.602
1268,2023.06.15 13:43:30,1686836610001,XAUUSD,1268,0,0,3,0.01,1945.762,0.0,-0.06,0.0,0.0,CAP|313|0
1269,2023.06.16 11:39:35,1686915575675,XAUUSD,1268,1,1,5,0.01,1966.359,20.6,0.0,-0.53,0.0,tp 1966.352
1270,2023.06.16 11:39:36,1686915576487,XAUUSD,1270,0,0,3,0.01,1966.513,0.0,-0.06,0.0,0.0,CAP|314|0
1271,2023.06.16 14:20:55,1686925255028,XAUUSD,1271,0,0,3,0.01,1956.503,0.0,-0.06,0.0,0.0,CAP|314|1
1272,2023.06.20 01:52:36,1687225956001,XAUUSD,1272,0,0,3,0.01,1946.51,0.0,-0.06,0.0,0.0,CAP|314|2
1273,2023.06.20 13:25:41,1687267541428,XAUUSD,1270,1,1,4,0.01,1937.26,-29.25,0.0,-1.06,0.0,sl 1937.276
1274,2023.06.20 13:25:41,1687267541428,XAUUSD,1271,1,1,4,0.01,1937.26,-19.24,0.0,-1.06,0.0,sl 1937.276
1275,2023.06.20 13:25:41,1687267541428,XAUUSD,1272,1,1,4,0.01,1937.26,-9.25,0.0,0.0,0.0,sl 1937.276
1276,2023.06.20 13:25:41,1687267541786,XAUUSD,1276,0,0,3,0.01,1937.349,0.0,-0.06,0.0,0.0,CAP|315|0
1277,2023.06.21 12:36:29,1687350989325,XAUUSD,1277,0,0,3,0.01,1927.333,0.0,-0.06,0.0,0.0,CAP|315|1
1278,2023.06.22 14:20:40,1687443640810,XAUUSD,1278,0,0,3,0.01,1917.318,0.0,-0.06,0.0,0.0,CAP|315|2
1279,2023.06.23 13:45:02,1687527902749,XAUUSD,1276,1,1,5,0.01,1935.844,-1.51,0.0,-2.66,0.0,tp 1935.834
1280,2023.06.23 13:45:02,1687527902749,XAUUSD,1277,1,1,5,0.01,1935.844,8.51,0.0,-2.13,0.0,tp 1935.834
1281,2023.06.23 13:45:02,1687527902749,XAUUSD,1278,1,1,5,0.01,1935.844,18.52,0.0,-0.53,0.0,tp 1935.834
1282,2023.06.23 13:45:02,1687527902912,XAUUSD,1282,0,0,3,0.01,1936.022,0.0,-0.06,0.0,0.0,CAP|316|0
1283,2023.06.23 14:40:38,1687531238797,XAUUSD,1283,0,0,3,0.01,1926.021,0.0,-0.06,0.0,0.0,CAP|316|1
1284,2023.06.27 14:06:39,1687874799311,XAUUSD,1284,0,0,3,0.01,1916.012,0.0,-0.06,0.0,0.0,CAP|316|2
1285,2023.06.28 09:49:40,1687945780975,XAUUSD,1282,1,1,4,0.01,1907.305,-28.71,0.0,-1.5899999999999999,0.0,sl 1907.315
1286,2023.06.28 09:49:40,1687945780975,XAUUSD,1283,1,1,4,0.01,1907.305,-18.71,0.0,-1.5899999999999999,0.0,sl 1907.315
1287,2023.06.28 09:49:40,1687945780975,XAUUSD,1284,1,1,4,0.01,1907.305,-8.7,0.0,-0.53,0.0,sl 1907.315
1288,2023.06.28 09:49:41,1687945781708,XAUUSD,1288,0,0,3,0.01,1907.444,0.0,-0.06,0.0,0.0,CAP|317|0
1289,2023.06.29 12:53:14,1688043194907,XAUUSD,1289,0,0,3,0.01,1897.437,0.0,-0.06,0.0,0.0,CAP|317|1
1290,2023.06.30 13:20:41,1688131241280,XAUUSD,1288,1,1,5,0.01,1913.853,6.41,0.0,-2.13,0.0,tp 1913.831
1291,2023.06.30 13:20:41,1688131241280,XAUUSD,1289,1,1,5,0.01,1913.853,16.41,0.0,-0.53,0.0,tp 1913.831
1292,2023.06.30 13:20:41,1688131241761,XAUUSD,1292,0,0,3,0.01,1914.004,0.0,-0.06,0.0,0.0,CAP|318|0
1293,2023.07.06 12:40:37,1688647237622,XAUUSD,1293,0,0,3,0.01,1903.98,0.0,-0.06,0.0,0.0,CAP|318|1
1294,2023.07.07 12:29:56,1688732996632,XAUUSD,1292,1,1,5,0.01,1921.178,7.18,0.0,-3.7199999999999998,0.0,tp 1921.177
1295,2023.07.07 12:29:56,1688732996632,XAUUSD,1293,1,1,5,0.01,1921.178,17.2,0.0,-0.53,0.0,tp 1921.177
1296,2023.07.07 12:29:56,1688732996939,XAUUSD,1296,0,0,3,0.01,1921.374,0.0,-0.06,0.0,0.0,CAP|319|0
1297,2023.07.12 12:30:39,1689165039753,XAUUSD,1296,1,1,5,0.01,1943.029,21.66,0.0,-1.5899999999999999,0.0,tp 1943.024
1298,2023.07.12 12:30:39,1689165039877,XAUUSD,1298,0,0,3,0.01,1943.558,0.0,-0.06,0.0,0.0,CAP|320|0
1299,2023.07.18 11:16:21,1689678981860,XAUUSD,1298,1,1,5,0.01,1966.842,23.28,0.0,-3.19,0.0,tp 1966.808
1300,2023.07.18 11:16:22,1689678982016,XAUUSD,1300,0,0,3,0.01,1967.006,0.0,-0.06,0.0,0.0,CAP|321|0
1301,2023.07.21 15:04:40,1689951880417,XAUUSD,1301,0,0,3,0.01,1956.98,0.0,-0.06,0.0,0.0,CAP|321|1
1302,2023.07.26 15:26:39,1690385199173,XAUUSD,1300,1,1,5,0.01,1974.993,7.98,0.0,-4.25,0.0,tp 1974.973
1303,2023.07.26 15:26:39,1690385199173,XAUUSD,1301,1,1,5,0.01,1974.993,18.01,0.0,-1.5899999999999999,0.0,tp 1974.973
1304,2023.07.26 15:26:39,1690385199670,XAUUSD,1304,0,0,3,0.01,1975.16,0.0,-0.06,0.0,0.0,CAP|322|0
1305,2023.07.27 12:42:32,1690461752102,XAUUSD,1305,0,0,3,0.01,1965.137,0.0,-0.06,0.0,0.0,CAP|322|1
1306,2023.07.27 13:31:12,1690464672489,XAUUSD,1306,0,0,3,0.01,1955.155,0.0,-0.06,0.0,0.0,CAP|322|2
1307,2023.07.27 13:40:28,1690465228555,XAUUSD,1304,1,1,4,0.01,1945.743,-29.42,0.0,-1.6,0.0,sl 1945.744
1308,2023.07.27 13:40:28,1690465228555,XAUUSD,1305,1,1,4,0.01,1945.743,-19.4,0.0,0.0,0.0,sl 1945.744
1309,2023.07.27 13:40:28,1690465228555,XAUUSD,1306,1,1,4,0.01,1945.743,-9.42,0.0,0.0,0.0,sl 1945.744
1310,2023.07.27 13:40:28,1690465228641,XAUUSD,1310,0,0,3,0.01,1945.853,0.0,-0.06,0.0,0.0,CAP|323|0
1311,2023.07.31 12:52:41,1690807961904,XAUUSD,1310,1,1,5,0.01,1967.006,21.16,0.0,-1.06,0.0,tp 1966.973
1312,2023.07.31 12:52:42,1690807962381,XAUUSD,1312,0,0,3,0.01,1967.11,0.0,-0.06,0.0,0.0,CAP|324|0
1313,2023.08.01 06:13:14,1690870394905,XAUUSD,1313,0,0,3,0.01,1957.105,0.0,-0.06,0.0,0.0,CAP|324|1
1314,2023.08.01 12:49:29,1690894169420,XAUUSD,1314,0,0,3,0.01,1947.109,0.0,-0.06,0.0,0.0,CAP|324|2
1315,2023.08.02 14:18:17,1690985897179,XAUUSD,1312,1,1,4,0.01,1937.857,-29.25,0.0,-1.06,0.0,sl 1937.875
1316,2023.08.02 14:18:17,1690985897179,XAUUSD,1313,1,1,4,0.01,1937.857,-19.25,0.0,-0.53,0.0,sl 1937.875
1317,2023.08.02 14:18:17,1690985897179,XAUUSD,1314,1,1,4,0.01,1937.857,-9.25,0.0,-0.53,0.0,sl 1937.875
1318,2023.08.02 14:18:17,1690985897436,XAUUSD,1318,0,0,3,0.01,1937.953,0.0,-0.06,0.0,0.0,CAP|325|0
1319,2023.08.04 12:30:04,1691152204770,XAUUSD,1319,0,0,3,0.01,1927.939,0.0,-0.06,0.0,0.0,CAP|325|1
1320,2023.08.04 13:06:01,1691154361171,XAUUSD,1318,1,1,5,0.01,1944.075,6.13,0.0,-2.13,0.0,tp 1944.071
1321,2023.08.04 13:06:01,1691154361171,XAUUSD,1319,1,1,5,0.01,1944.075,16.14,0.0,0.0,0.0,tp 1944.071
1322,2023.08.04 13:06:01,1691154361407,XAUUSD,1322,0,0,3,0.01,1944.223,0.0,-0.06,0.0,0.0,CAP|326|0
1323,2023.08.07 10:21:13,1691403673126,XAUUSD,1323,0,0,3,0.01,1934.204,0.0,-0.06,0.0,0.0,CAP|326|1
1324,2023.08.08 12:12:29,1691496749017,XAUUSD,1324,0,0,3,0.01,1924.214,0.0,-0.06,0.0,0.0,CAP|326|2
1325,2023.08.09 20:05:28,1691611528000,XAUUSD,1322,1,1,4,0.01,1915.31,-28.91,0.0,-1.5899999999999999,0.0,sl 1915.334
1326,2023.08.09 20:05:28,1691611528000,XAUUSD,1323,1,1,4,0.01,1915.31,-18.89,0.0,-1.06,0.0,sl 1915.334
1327,2023.08.09 20:05:28,1691611528000,XAUUSD,1324,1,1,4,0.01,1915.31,-8.9,0.0,-0.53,0.0,sl 1915.334
1328,2023.08.09 20:05:29,1691611529001,XAUUSD,1328,0,0,3,0.01,1915.436,0.0,-0.06,0.0,0.0,CAP|327|0
1329,2023.08.14 13:30:04,1692019804769,XAUUSD,1329,0,0,3,0.01,1905.426,0.0,-0.06,0.0,0.0,CAP|327|1
1330,2023.08.16 18:50:36,1692211836858,XAUUSD,1330,0,0,3,0.01,1895.427,0.0,-0.06,0.0,0.0,CAP|327|2
1331,2023.08.17 16:48:19,1692290899512,XAUUSD,1328,1,1,4,0.01,1888.652,-26.79,0.0,-5.32,0.0,sl 1888.683
1332,2023.08.17 16:48:19,1692290899512,XAUUSD,1329,1,1,4,0.01,1888.652,-16.78,0.0,-2.66,0.0,sl 1888.683
1333,2023.08.17 16:48:19,1692290899512,XAUUSD,1330,1,1,4,0.01,1888.652,-6.78,0.0,-1.6,0.0,sl 1888.683
1334,2023.08.17 16:48:20,1692290900001,XAUUSD,1334,0,0,3,0.01,1888.776,0.0,-0.06,0.0,0.0,CAP|328|0
1335,2023.08.23 13:27:40,1692797260879,XAUUSD,1334,1,1,5,0.01,1910.958,22.18,0.0,-2.12,0.0,tp 1910.956
1336,2023.08.23 13:27:41,1692797261209,XAUUSD,1336,0,0,3,0.01,1911.106,0.0,-0.06,0.0,0.0,CAP|329|0
1337,2023.08.29 14:22:39,1693318959230,XAUUSD,1336,1,1,5,0.01,1934.379,23.27,0.0,-3.19,0.0,tp 1934.356
1338,2023.08.29 14:22:39,1693318959616,XAUUSD,1338,0,0,3,0.01,1934.534,0.0,-0.06,0.0,0.0,CAP|330|0
1339,2023.09.04 23:58:59,1693871939000,XAUUSD,1338,1,1,0,0.01,1937.696,3.17,0.0,-3.19,0.0,end of test
